Landroid/provider/AsyncContentProvider$$ExternalSyntheticLambda0;-><init>(Landroid/provider/AsyncContentProvider;Ljava/util/concurrent/CompletableFuture;)V
Landroid/provider/AsyncContentProvider$$ExternalSyntheticLambda0;->f$0:Landroid/provider/AsyncContentProvider;
Landroid/provider/AsyncContentProvider$$ExternalSyntheticLambda0;->f$1:Ljava/util/concurrent/CompletableFuture;
Landroid/provider/AsyncContentProvider$$ExternalSyntheticLambda0;->onResult(Landroid/os/Bundle;)V,system-api,test-api
Landroid/provider/AsyncContentProvider;-><init>(Landroid/provider/IAsyncContentProvider;)V
Landroid/provider/AsyncContentProvider;->TIMEOUT_IN_SECONDS:J
Landroid/provider/AsyncContentProvider;->lambda$openMedia$0$AsyncContentProvider(Ljava/util/concurrent/CompletableFuture;Landroid/os/Bundle;)V
Landroid/provider/AsyncContentProvider;->mAsyncContentProvider:Landroid/provider/IAsyncContentProvider;
Landroid/provider/AsyncContentProvider;->openMedia(Landroid/net/Uri;Ljava/lang/String;)Landroid/os/ParcelFileDescriptor;
Landroid/provider/AsyncContentProvider;->setResult(Landroid/os/Bundle;Ljava/util/concurrent/CompletableFuture;)V
Landroid/provider/CloudMediaProvider$AsyncContentProviderWrapper;-><init>(Landroid/provider/CloudMediaProvider;)V
Landroid/provider/CloudMediaProvider$AsyncContentProviderWrapper;-><init>(Landroid/provider/CloudMediaProvider;Landroid/provider/CloudMediaProvider$1;)V
Landroid/provider/CloudMediaProvider$AsyncContentProviderWrapper;->openMedia(Ljava/lang/String;Landroid/os/RemoteCallback;)V
Landroid/provider/CloudMediaProvider$AsyncContentProviderWrapper;->sendResult(Landroid/os/ParcelFileDescriptor;Ljava/lang/Throwable;Landroid/os/RemoteCallback;)V
Landroid/provider/CloudMediaProvider$AsyncContentProviderWrapper;->this$0:Landroid/provider/CloudMediaProvider;
Landroid/provider/CloudMediaProvider$CloudMediaSurfaceController;-><init>()V
Landroid/provider/CloudMediaProvider$CloudMediaSurfaceController;->onConfigChange(Landroid/os/Bundle;)V
Landroid/provider/CloudMediaProvider$CloudMediaSurfaceController;->onDestroy()V
Landroid/provider/CloudMediaProvider$CloudMediaSurfaceController;->onMediaPause(I)V
Landroid/provider/CloudMediaProvider$CloudMediaSurfaceController;->onMediaPlay(I)V
Landroid/provider/CloudMediaProvider$CloudMediaSurfaceController;->onMediaSeekTo(IJ)V
Landroid/provider/CloudMediaProvider$CloudMediaSurfaceController;->onPlayerCreate()V
Landroid/provider/CloudMediaProvider$CloudMediaSurfaceController;->onPlayerRelease()V
Landroid/provider/CloudMediaProvider$CloudMediaSurfaceController;->onSurfaceChanged(IIII)V
Landroid/provider/CloudMediaProvider$CloudMediaSurfaceController;->onSurfaceCreated(ILandroid/view/Surface;Ljava/lang/String;)V
Landroid/provider/CloudMediaProvider$CloudMediaSurfaceController;->onSurfaceDestroyed(I)V
Landroid/provider/CloudMediaProvider$CloudMediaSurfaceControllerWrapper;-><init>(Landroid/provider/CloudMediaProvider$CloudMediaSurfaceController;)V
Landroid/provider/CloudMediaProvider$CloudMediaSurfaceControllerWrapper;->mSurfaceController:Landroid/provider/CloudMediaProvider$CloudMediaSurfaceController;
Landroid/provider/CloudMediaProvider$CloudMediaSurfaceControllerWrapper;->onConfigChange(Landroid/os/Bundle;)V
Landroid/provider/CloudMediaProvider$CloudMediaSurfaceControllerWrapper;->onDestroy()V
Landroid/provider/CloudMediaProvider$CloudMediaSurfaceControllerWrapper;->onMediaPause(I)V
Landroid/provider/CloudMediaProvider$CloudMediaSurfaceControllerWrapper;->onMediaPlay(I)V
Landroid/provider/CloudMediaProvider$CloudMediaSurfaceControllerWrapper;->onMediaSeekTo(IJ)V
Landroid/provider/CloudMediaProvider$CloudMediaSurfaceControllerWrapper;->onPlayerCreate()V
Landroid/provider/CloudMediaProvider$CloudMediaSurfaceControllerWrapper;->onPlayerRelease()V
Landroid/provider/CloudMediaProvider$CloudMediaSurfaceControllerWrapper;->onSurfaceChanged(IIII)V
Landroid/provider/CloudMediaProvider$CloudMediaSurfaceControllerWrapper;->onSurfaceCreated(ILandroid/view/Surface;Ljava/lang/String;)V
Landroid/provider/CloudMediaProvider$CloudMediaSurfaceControllerWrapper;->onSurfaceDestroyed(I)V
Landroid/provider/CloudMediaProvider$CloudMediaSurfaceEventCallback;-><init>(Landroid/provider/ICloudSurfaceEventCallback;)V
Landroid/provider/CloudMediaProvider$CloudMediaSurfaceEventCallback;->PLAYBACK_EVENT_BUFFERING:I
Landroid/provider/CloudMediaProvider$CloudMediaSurfaceEventCallback;->PLAYBACK_EVENT_COMPLETED:I
Landroid/provider/CloudMediaProvider$CloudMediaSurfaceEventCallback;->PLAYBACK_EVENT_ERROR_PERMANENT_FAILURE:I
Landroid/provider/CloudMediaProvider$CloudMediaSurfaceEventCallback;->PLAYBACK_EVENT_ERROR_RETRIABLE_FAILURE:I
Landroid/provider/CloudMediaProvider$CloudMediaSurfaceEventCallback;->PLAYBACK_EVENT_MEDIA_SIZE_CHANGED:I
Landroid/provider/CloudMediaProvider$CloudMediaSurfaceEventCallback;->PLAYBACK_EVENT_PAUSED:I
Landroid/provider/CloudMediaProvider$CloudMediaSurfaceEventCallback;->PLAYBACK_EVENT_READY:I
Landroid/provider/CloudMediaProvider$CloudMediaSurfaceEventCallback;->PLAYBACK_EVENT_STARTED:I
Landroid/provider/CloudMediaProvider$CloudMediaSurfaceEventCallback;->mCallback:Landroid/provider/ICloudSurfaceEventCallback;
Landroid/provider/CloudMediaProvider$CloudMediaSurfaceEventCallback;->onPlaybackEvent(IILandroid/os/Bundle;)V
Landroid/provider/CloudMediaProvider;-><init>()V
Landroid/provider/CloudMediaProvider;->DEFAULT_LOOPING_PLAYBACK_ENABLED:Z
Landroid/provider/CloudMediaProvider;->DEFAULT_SURFACE_CONTROLLER_AUDIO_MUTE_ENABLED:Z
Landroid/provider/CloudMediaProvider;->MATCH_ALBUMS:I
Landroid/provider/CloudMediaProvider;->MATCH_DELETED_MEDIAS:I
Landroid/provider/CloudMediaProvider;->MATCH_MEDIAS:I
Landroid/provider/CloudMediaProvider;->MATCH_MEDIA_COLLECTION_INFO:I
Landroid/provider/CloudMediaProvider;->MATCH_MEDIA_ID:I
Landroid/provider/CloudMediaProvider;->MATCH_SURFACE_CONTROLLER:I
Landroid/provider/CloudMediaProvider;->TAG:Ljava/lang/String;
Landroid/provider/CloudMediaProvider;->attachInfo(Landroid/content/Context;Landroid/content/pm/ProviderInfo;)V,public-api,system-api,test-api
Landroid/provider/CloudMediaProvider;->call(Ljava/lang/String;Ljava/lang/String;Landroid/os/Bundle;)Landroid/os/Bundle;,public-api,system-api,test-api
Landroid/provider/CloudMediaProvider;->callUnchecked(Ljava/lang/String;Ljava/lang/String;Landroid/os/Bundle;)Landroid/os/Bundle;
Landroid/provider/CloudMediaProvider;->canonicalize(Landroid/net/Uri;)Landroid/net/Uri;,public-api,system-api,test-api
Landroid/provider/CloudMediaProvider;->delete(Landroid/net/Uri;Ljava/lang/String;[Ljava/lang/String;)I,public-api,system-api,test-api
Landroid/provider/CloudMediaProvider;->getType(Landroid/net/Uri;)Ljava/lang/String;,public-api,system-api,test-api
Landroid/provider/CloudMediaProvider;->insert(Landroid/net/Uri;Landroid/content/ContentValues;)Landroid/net/Uri;,public-api,system-api,test-api
Landroid/provider/CloudMediaProvider;->mAsyncContentProviderWrapper:Landroid/provider/CloudMediaProvider$AsyncContentProviderWrapper;
Landroid/provider/CloudMediaProvider;->mMatcher:Landroid/content/UriMatcher;
Landroid/provider/CloudMediaProvider;->mMediaStoreAuthorityAppId:I
Landroid/provider/CloudMediaProvider;->onCreateCloudMediaSurfaceController(Landroid/os/Bundle;)Landroid/os/Bundle;
Landroid/provider/CloudMediaProvider;->onCreateCloudMediaSurfaceController(Landroid/os/Bundle;Landroid/provider/CloudMediaProvider$CloudMediaSurfaceEventCallback;)Landroid/provider/CloudMediaProvider$CloudMediaSurfaceController;
Landroid/provider/CloudMediaProvider;->onGetAsyncContentProvider()Landroid/os/Bundle;
Landroid/provider/CloudMediaProvider;->onGetMediaCollectionInfo(Landroid/os/Bundle;)Landroid/os/Bundle;
Landroid/provider/CloudMediaProvider;->onOpenMedia(Ljava/lang/String;Landroid/os/Bundle;Landroid/os/CancellationSignal;)Landroid/os/ParcelFileDescriptor;
Landroid/provider/CloudMediaProvider;->onOpenPreview(Ljava/lang/String;Landroid/graphics/Point;Landroid/os/Bundle;Landroid/os/CancellationSignal;)Landroid/content/res/AssetFileDescriptor;
Landroid/provider/CloudMediaProvider;->onQueryAlbums(Landroid/os/Bundle;)Landroid/database/Cursor;
Landroid/provider/CloudMediaProvider;->onQueryDeletedMedia(Landroid/os/Bundle;)Landroid/database/Cursor;
Landroid/provider/CloudMediaProvider;->onQueryMedia(Landroid/os/Bundle;)Landroid/database/Cursor;
Landroid/provider/CloudMediaProvider;->onQueryMedia(Ljava/lang/String;)Landroid/database/Cursor;
Landroid/provider/CloudMediaProvider;->openFile(Landroid/net/Uri;Ljava/lang/String;)Landroid/os/ParcelFileDescriptor;,public-api,system-api,test-api
Landroid/provider/CloudMediaProvider;->openFile(Landroid/net/Uri;Ljava/lang/String;Landroid/os/CancellationSignal;)Landroid/os/ParcelFileDescriptor;,public-api,system-api,test-api
Landroid/provider/CloudMediaProvider;->openTypedAssetFile(Landroid/net/Uri;Ljava/lang/String;Landroid/os/Bundle;)Landroid/content/res/AssetFileDescriptor;,public-api,system-api,test-api
Landroid/provider/CloudMediaProvider;->openTypedAssetFile(Landroid/net/Uri;Ljava/lang/String;Landroid/os/Bundle;Landroid/os/CancellationSignal;)Landroid/content/res/AssetFileDescriptor;,public-api,system-api,test-api
Landroid/provider/CloudMediaProvider;->query(Landroid/net/Uri;[Ljava/lang/String;Landroid/os/Bundle;Landroid/os/CancellationSignal;)Landroid/database/Cursor;,public-api,system-api,test-api
Landroid/provider/CloudMediaProvider;->query(Landroid/net/Uri;[Ljava/lang/String;Ljava/lang/String;[Ljava/lang/String;Ljava/lang/String;)Landroid/database/Cursor;,public-api,system-api,test-api
Landroid/provider/CloudMediaProvider;->query(Landroid/net/Uri;[Ljava/lang/String;Ljava/lang/String;[Ljava/lang/String;Ljava/lang/String;Landroid/os/CancellationSignal;)Landroid/database/Cursor;,public-api,system-api,test-api
Landroid/provider/CloudMediaProvider;->registerAuthority(Ljava/lang/String;)V
Landroid/provider/CloudMediaProvider;->update(Landroid/net/Uri;Landroid/content/ContentValues;Ljava/lang/String;[Ljava/lang/String;)I,public-api,system-api,test-api
Landroid/provider/CloudMediaProviderContract$AlbumColumns;-><clinit>()V
Landroid/provider/CloudMediaProviderContract$AlbumColumns;-><init>()V
Landroid/provider/CloudMediaProviderContract$AlbumColumns;->DATE_TAKEN_MILLIS:Ljava/lang/String;
Landroid/provider/CloudMediaProviderContract$AlbumColumns;->DISPLAY_NAME:Ljava/lang/String;
Landroid/provider/CloudMediaProviderContract$AlbumColumns;->ID:Ljava/lang/String;
Landroid/provider/CloudMediaProviderContract$AlbumColumns;->MEDIA_COUNT:Ljava/lang/String;
Landroid/provider/CloudMediaProviderContract$AlbumColumns;->MEDIA_COVER_ID:Ljava/lang/String;
Landroid/provider/CloudMediaProviderContract$AlbumColumns;->TYPE:Ljava/lang/String;
Landroid/provider/CloudMediaProviderContract$AlbumColumns;->TYPE_CLOUD:Ljava/lang/String;
Landroid/provider/CloudMediaProviderContract$AlbumColumns;->TYPE_FAVORITES:Ljava/lang/String;
Landroid/provider/CloudMediaProviderContract$AlbumColumns;->TYPE_LOCAL:Ljava/lang/String;
Landroid/provider/CloudMediaProviderContract$AlbumColumns;->TYPE_UNRELIABLE_VOLUME:Ljava/lang/String;
Landroid/provider/CloudMediaProviderContract$MediaCollectionInfo;-><init>()V
Landroid/provider/CloudMediaProviderContract$MediaCollectionInfo;->ACCOUNT_CONFIGURATION_INTENT:Ljava/lang/String;
Landroid/provider/CloudMediaProviderContract$MediaCollectionInfo;->ACCOUNT_NAME:Ljava/lang/String;
Landroid/provider/CloudMediaProviderContract$MediaCollectionInfo;->LAST_MEDIA_SYNC_GENERATION:Ljava/lang/String;
Landroid/provider/CloudMediaProviderContract$MediaCollectionInfo;->MEDIA_COLLECTION_ID:Ljava/lang/String;
Landroid/provider/CloudMediaProviderContract$MediaColumns;-><init>()V
Landroid/provider/CloudMediaProviderContract$MediaColumns;->AUTHORITY:Ljava/lang/String;
Landroid/provider/CloudMediaProviderContract$MediaColumns;->DATA:Ljava/lang/String;
Landroid/provider/CloudMediaProviderContract$MediaColumns;->DATE_TAKEN_MILLIS:Ljava/lang/String;
Landroid/provider/CloudMediaProviderContract$MediaColumns;->DURATION_MILLIS:Ljava/lang/String;
Landroid/provider/CloudMediaProviderContract$MediaColumns;->ID:Ljava/lang/String;
Landroid/provider/CloudMediaProviderContract$MediaColumns;->IS_FAVORITE:Ljava/lang/String;
Landroid/provider/CloudMediaProviderContract$MediaColumns;->MEDIA_STORE_URI:Ljava/lang/String;
Landroid/provider/CloudMediaProviderContract$MediaColumns;->MIME_TYPE:Ljava/lang/String;
Landroid/provider/CloudMediaProviderContract$MediaColumns;->SIZE_BYTES:Ljava/lang/String;
Landroid/provider/CloudMediaProviderContract$MediaColumns;->STANDARD_MIME_TYPE_EXTENSION:Ljava/lang/String;
Landroid/provider/CloudMediaProviderContract$MediaColumns;->STANDARD_MIME_TYPE_EXTENSION_ANIMATED_WEBP:I
Landroid/provider/CloudMediaProviderContract$MediaColumns;->STANDARD_MIME_TYPE_EXTENSION_GIF:I
Landroid/provider/CloudMediaProviderContract$MediaColumns;->STANDARD_MIME_TYPE_EXTENSION_MOTION_PHOTO:I
Landroid/provider/CloudMediaProviderContract$MediaColumns;->STANDARD_MIME_TYPE_EXTENSION_NONE:I
Landroid/provider/CloudMediaProviderContract$MediaColumns;->SYNC_GENERATION:Ljava/lang/String;
Landroid/provider/CloudMediaProviderContract;-><init>()V
Landroid/provider/CloudMediaProviderContract;->EXTRA_ASYNC_CONTENT_PROVIDER:Ljava/lang/String;
Landroid/provider/CloudMediaProviderContract;->EXTRA_ERROR_MESSAGE:Ljava/lang/String;
Landroid/provider/CloudMediaProviderContract;->EXTRA_FILE_DESCRIPTOR:Ljava/lang/String;
Landroid/provider/CloudMediaProviderContract;->EXTRA_FILTER_ALBUM:Ljava/lang/String;
Landroid/provider/CloudMediaProviderContract;->EXTRA_FILTER_MIME_TYPE:Ljava/lang/String;
Landroid/provider/CloudMediaProviderContract;->EXTRA_FILTER_SIZE_BYTES:Ljava/lang/String;
Landroid/provider/CloudMediaProviderContract;->EXTRA_LOOPING_PLAYBACK_ENABLED:Ljava/lang/String;
Landroid/provider/CloudMediaProviderContract;->EXTRA_MEDIA_COLLECTION_ID:Ljava/lang/String;
Landroid/provider/CloudMediaProviderContract;->EXTRA_PAGE_TOKEN:Ljava/lang/String;
Landroid/provider/CloudMediaProviderContract;->EXTRA_PREVIEW_THUMBNAIL:Ljava/lang/String;
Landroid/provider/CloudMediaProviderContract;->EXTRA_SURFACE_CONTROLLER:Ljava/lang/String;
Landroid/provider/CloudMediaProviderContract;->EXTRA_SURFACE_CONTROLLER_AUDIO_MUTE_ENABLED:Ljava/lang/String;
Landroid/provider/CloudMediaProviderContract;->EXTRA_SURFACE_EVENT_CALLBACK:Ljava/lang/String;
Landroid/provider/CloudMediaProviderContract;->EXTRA_SYNC_GENERATION:Ljava/lang/String;
Landroid/provider/CloudMediaProviderContract;->MANAGE_CLOUD_MEDIA_PROVIDERS_PERMISSION:Ljava/lang/String;
Landroid/provider/CloudMediaProviderContract;->METHOD_CREATE_SURFACE_CONTROLLER:Ljava/lang/String;
Landroid/provider/CloudMediaProviderContract;->METHOD_GET_ASYNC_CONTENT_PROVIDER:Ljava/lang/String;
Landroid/provider/CloudMediaProviderContract;->METHOD_GET_MEDIA_COLLECTION_INFO:Ljava/lang/String;
Landroid/provider/CloudMediaProviderContract;->PROVIDER_INTERFACE:Ljava/lang/String;
Landroid/provider/CloudMediaProviderContract;->TAG:Ljava/lang/String;
Landroid/provider/CloudMediaProviderContract;->URI_PATH_ALBUM:Ljava/lang/String;
Landroid/provider/CloudMediaProviderContract;->URI_PATH_DELETED_MEDIA:Ljava/lang/String;
Landroid/provider/CloudMediaProviderContract;->URI_PATH_MEDIA:Ljava/lang/String;
Landroid/provider/CloudMediaProviderContract;->URI_PATH_MEDIA_COLLECTION_INFO:Ljava/lang/String;
Landroid/provider/CloudMediaProviderContract;->URI_PATH_MEDIA_EXACT:Ljava/lang/String;
Landroid/provider/CloudMediaProviderContract;->URI_PATH_SURFACE_CONTROLLER:Ljava/lang/String;
Landroid/provider/Column;->readOnly()Z
Landroid/provider/Column;->value()I
Landroid/provider/ExportedSince;->osVersion()I
Landroid/provider/IAsyncContentProvider$Default;-><init>()V
Landroid/provider/IAsyncContentProvider$Default;->asBinder()Landroid/os/IBinder;,public-api,system-api,test-api
Landroid/provider/IAsyncContentProvider$Default;->openMedia(Ljava/lang/String;Landroid/os/RemoteCallback;)V
Landroid/provider/IAsyncContentProvider$Stub$Proxy;-><init>(Landroid/os/IBinder;)V
Landroid/provider/IAsyncContentProvider$Stub$Proxy;->asBinder()Landroid/os/IBinder;,public-api,system-api,test-api
Landroid/provider/IAsyncContentProvider$Stub$Proxy;->getInterfaceDescriptor()Ljava/lang/String;
Landroid/provider/IAsyncContentProvider$Stub$Proxy;->mRemote:Landroid/os/IBinder;
Landroid/provider/IAsyncContentProvider$Stub$Proxy;->openMedia(Ljava/lang/String;Landroid/os/RemoteCallback;)V
Landroid/provider/IAsyncContentProvider$Stub$Proxy;->sDefaultImpl:Landroid/provider/IAsyncContentProvider;
Landroid/provider/IAsyncContentProvider$Stub;-><init>()V
Landroid/provider/IAsyncContentProvider$Stub;->TRANSACTION_openMedia:I
Landroid/provider/IAsyncContentProvider$Stub;->asBinder()Landroid/os/IBinder;,public-api,system-api,test-api
Landroid/provider/IAsyncContentProvider$Stub;->asInterface(Landroid/os/IBinder;)Landroid/provider/IAsyncContentProvider;
Landroid/provider/IAsyncContentProvider$Stub;->getDefaultImpl()Landroid/provider/IAsyncContentProvider;
Landroid/provider/IAsyncContentProvider$Stub;->onTransact(ILandroid/os/Parcel;Landroid/os/Parcel;I)Z,public-api,system-api,test-api
Landroid/provider/IAsyncContentProvider$Stub;->setDefaultImpl(Landroid/provider/IAsyncContentProvider;)Z
Landroid/provider/IAsyncContentProvider;->DESCRIPTOR:Ljava/lang/String;
Landroid/provider/IAsyncContentProvider;->openMedia(Ljava/lang/String;Landroid/os/RemoteCallback;)V
Landroid/provider/ICloudMediaSurfaceController$Default;-><init>()V
Landroid/provider/ICloudMediaSurfaceController$Default;->asBinder()Landroid/os/IBinder;,public-api,system-api,test-api
Landroid/provider/ICloudMediaSurfaceController$Default;->onConfigChange(Landroid/os/Bundle;)V
Landroid/provider/ICloudMediaSurfaceController$Default;->onDestroy()V
Landroid/provider/ICloudMediaSurfaceController$Default;->onMediaPause(I)V
Landroid/provider/ICloudMediaSurfaceController$Default;->onMediaPlay(I)V
Landroid/provider/ICloudMediaSurfaceController$Default;->onMediaSeekTo(IJ)V
Landroid/provider/ICloudMediaSurfaceController$Default;->onPlayerCreate()V
Landroid/provider/ICloudMediaSurfaceController$Default;->onPlayerRelease()V
Landroid/provider/ICloudMediaSurfaceController$Default;->onSurfaceChanged(IIII)V
Landroid/provider/ICloudMediaSurfaceController$Default;->onSurfaceCreated(ILandroid/view/Surface;Ljava/lang/String;)V
Landroid/provider/ICloudMediaSurfaceController$Default;->onSurfaceDestroyed(I)V
Landroid/provider/ICloudMediaSurfaceController$Stub$Proxy;-><init>(Landroid/os/IBinder;)V
Landroid/provider/ICloudMediaSurfaceController$Stub$Proxy;->asBinder()Landroid/os/IBinder;,public-api,system-api,test-api
Landroid/provider/ICloudMediaSurfaceController$Stub$Proxy;->getInterfaceDescriptor()Ljava/lang/String;
Landroid/provider/ICloudMediaSurfaceController$Stub$Proxy;->mRemote:Landroid/os/IBinder;
Landroid/provider/ICloudMediaSurfaceController$Stub$Proxy;->onConfigChange(Landroid/os/Bundle;)V
Landroid/provider/ICloudMediaSurfaceController$Stub$Proxy;->onDestroy()V
Landroid/provider/ICloudMediaSurfaceController$Stub$Proxy;->onMediaPause(I)V
Landroid/provider/ICloudMediaSurfaceController$Stub$Proxy;->onMediaPlay(I)V
Landroid/provider/ICloudMediaSurfaceController$Stub$Proxy;->onMediaSeekTo(IJ)V
Landroid/provider/ICloudMediaSurfaceController$Stub$Proxy;->onPlayerCreate()V
Landroid/provider/ICloudMediaSurfaceController$Stub$Proxy;->onPlayerRelease()V
Landroid/provider/ICloudMediaSurfaceController$Stub$Proxy;->onSurfaceChanged(IIII)V
Landroid/provider/ICloudMediaSurfaceController$Stub$Proxy;->onSurfaceCreated(ILandroid/view/Surface;Ljava/lang/String;)V
Landroid/provider/ICloudMediaSurfaceController$Stub$Proxy;->onSurfaceDestroyed(I)V
Landroid/provider/ICloudMediaSurfaceController$Stub$Proxy;->sDefaultImpl:Landroid/provider/ICloudMediaSurfaceController;
Landroid/provider/ICloudMediaSurfaceController$Stub;-><init>()V
Landroid/provider/ICloudMediaSurfaceController$Stub;->TRANSACTION_onConfigChange:I
Landroid/provider/ICloudMediaSurfaceController$Stub;->TRANSACTION_onDestroy:I
Landroid/provider/ICloudMediaSurfaceController$Stub;->TRANSACTION_onMediaPause:I
Landroid/provider/ICloudMediaSurfaceController$Stub;->TRANSACTION_onMediaPlay:I
Landroid/provider/ICloudMediaSurfaceController$Stub;->TRANSACTION_onMediaSeekTo:I
Landroid/provider/ICloudMediaSurfaceController$Stub;->TRANSACTION_onPlayerCreate:I
Landroid/provider/ICloudMediaSurfaceController$Stub;->TRANSACTION_onPlayerRelease:I
Landroid/provider/ICloudMediaSurfaceController$Stub;->TRANSACTION_onSurfaceChanged:I
Landroid/provider/ICloudMediaSurfaceController$Stub;->TRANSACTION_onSurfaceCreated:I
Landroid/provider/ICloudMediaSurfaceController$Stub;->TRANSACTION_onSurfaceDestroyed:I
Landroid/provider/ICloudMediaSurfaceController$Stub;->asBinder()Landroid/os/IBinder;,public-api,system-api,test-api
Landroid/provider/ICloudMediaSurfaceController$Stub;->asInterface(Landroid/os/IBinder;)Landroid/provider/ICloudMediaSurfaceController;
Landroid/provider/ICloudMediaSurfaceController$Stub;->getDefaultImpl()Landroid/provider/ICloudMediaSurfaceController;
Landroid/provider/ICloudMediaSurfaceController$Stub;->onTransact(ILandroid/os/Parcel;Landroid/os/Parcel;I)Z,public-api,system-api,test-api
Landroid/provider/ICloudMediaSurfaceController$Stub;->setDefaultImpl(Landroid/provider/ICloudMediaSurfaceController;)Z
Landroid/provider/ICloudMediaSurfaceController;->DESCRIPTOR:Ljava/lang/String;
Landroid/provider/ICloudMediaSurfaceController;->onConfigChange(Landroid/os/Bundle;)V
Landroid/provider/ICloudMediaSurfaceController;->onDestroy()V
Landroid/provider/ICloudMediaSurfaceController;->onMediaPause(I)V
Landroid/provider/ICloudMediaSurfaceController;->onMediaPlay(I)V
Landroid/provider/ICloudMediaSurfaceController;->onMediaSeekTo(IJ)V
Landroid/provider/ICloudMediaSurfaceController;->onPlayerCreate()V
Landroid/provider/ICloudMediaSurfaceController;->onPlayerRelease()V
Landroid/provider/ICloudMediaSurfaceController;->onSurfaceChanged(IIII)V
Landroid/provider/ICloudMediaSurfaceController;->onSurfaceCreated(ILandroid/view/Surface;Ljava/lang/String;)V
Landroid/provider/ICloudMediaSurfaceController;->onSurfaceDestroyed(I)V
Landroid/provider/ICloudSurfaceEventCallback$Default;-><init>()V
Landroid/provider/ICloudSurfaceEventCallback$Default;->asBinder()Landroid/os/IBinder;,public-api,system-api,test-api
Landroid/provider/ICloudSurfaceEventCallback$Default;->onPlaybackEvent(IILandroid/os/Bundle;)V
Landroid/provider/ICloudSurfaceEventCallback$Stub$Proxy;-><init>(Landroid/os/IBinder;)V
Landroid/provider/ICloudSurfaceEventCallback$Stub$Proxy;->asBinder()Landroid/os/IBinder;,public-api,system-api,test-api
Landroid/provider/ICloudSurfaceEventCallback$Stub$Proxy;->getInterfaceDescriptor()Ljava/lang/String;
Landroid/provider/ICloudSurfaceEventCallback$Stub$Proxy;->mRemote:Landroid/os/IBinder;
Landroid/provider/ICloudSurfaceEventCallback$Stub$Proxy;->onPlaybackEvent(IILandroid/os/Bundle;)V
Landroid/provider/ICloudSurfaceEventCallback$Stub$Proxy;->sDefaultImpl:Landroid/provider/ICloudSurfaceEventCallback;
Landroid/provider/ICloudSurfaceEventCallback$Stub;-><init>()V
Landroid/provider/ICloudSurfaceEventCallback$Stub;->TRANSACTION_onPlaybackEvent:I
Landroid/provider/ICloudSurfaceEventCallback$Stub;->asBinder()Landroid/os/IBinder;,public-api,system-api,test-api
Landroid/provider/ICloudSurfaceEventCallback$Stub;->asInterface(Landroid/os/IBinder;)Landroid/provider/ICloudSurfaceEventCallback;
Landroid/provider/ICloudSurfaceEventCallback$Stub;->getDefaultImpl()Landroid/provider/ICloudSurfaceEventCallback;
Landroid/provider/ICloudSurfaceEventCallback$Stub;->onTransact(ILandroid/os/Parcel;Landroid/os/Parcel;I)Z,public-api,system-api,test-api
Landroid/provider/ICloudSurfaceEventCallback$Stub;->setDefaultImpl(Landroid/provider/ICloudSurfaceEventCallback;)Z
Landroid/provider/ICloudSurfaceEventCallback;->DESCRIPTOR:Ljava/lang/String;
Landroid/provider/ICloudSurfaceEventCallback;->onPlaybackEvent(IILandroid/os/Bundle;)V
Landroid/provider/MediaStore$Audio$AlbumColumns;->ALBUM:Ljava/lang/String;,public-api,system-api,test-api
Landroid/provider/MediaStore$Audio$AlbumColumns;->ALBUM_ART:Ljava/lang/String;,public-api,system-api,test-api
Landroid/provider/MediaStore$Audio$AlbumColumns;->ALBUM_ID:Ljava/lang/String;,public-api,system-api,test-api
Landroid/provider/MediaStore$Audio$AlbumColumns;->ALBUM_KEY:Ljava/lang/String;,public-api,system-api,test-api
Landroid/provider/MediaStore$Audio$AlbumColumns;->ARTIST:Ljava/lang/String;,public-api,system-api,test-api
Landroid/provider/MediaStore$Audio$AlbumColumns;->ARTIST_ID:Ljava/lang/String;,public-api,system-api,test-api
Landroid/provider/MediaStore$Audio$AlbumColumns;->ARTIST_KEY:Ljava/lang/String;,public-api,system-api,test-api
Landroid/provider/MediaStore$Audio$AlbumColumns;->FIRST_YEAR:Ljava/lang/String;,public-api,system-api,test-api
Landroid/provider/MediaStore$Audio$AlbumColumns;->LAST_YEAR:Ljava/lang/String;,public-api,system-api,test-api
Landroid/provider/MediaStore$Audio$AlbumColumns;->NUMBER_OF_SONGS:Ljava/lang/String;,public-api,system-api,test-api
Landroid/provider/MediaStore$Audio$AlbumColumns;->NUMBER_OF_SONGS_FOR_ARTIST:Ljava/lang/String;,public-api,system-api,test-api
Landroid/provider/MediaStore$Audio$Albums;-><clinit>()V
Landroid/provider/MediaStore$Audio$Albums;-><init>()V,public-api,system-api,test-api
Landroid/provider/MediaStore$Audio$Albums;->CONTENT_TYPE:Ljava/lang/String;,public-api,system-api,test-api
Landroid/provider/MediaStore$Audio$Albums;->DEFAULT_SORT_ORDER:Ljava/lang/String;,public-api,system-api,test-api
Landroid/provider/MediaStore$Audio$Albums;->ENTRY_CONTENT_TYPE:Ljava/lang/String;,public-api,system-api,test-api
Landroid/provider/MediaStore$Audio$Albums;->EXTERNAL_CONTENT_URI:Landroid/net/Uri;,public-api,system-api,test-api
Landroid/provider/MediaStore$Audio$Albums;->INTERNAL_CONTENT_URI:Landroid/net/Uri;,public-api,system-api,test-api
Landroid/provider/MediaStore$Audio$Albums;->getContentUri(Ljava/lang/String;)Landroid/net/Uri;,public-api,system-api,test-api
Landroid/provider/MediaStore$Audio$ArtistColumns;->ARTIST:Ljava/lang/String;,public-api,system-api,test-api
Landroid/provider/MediaStore$Audio$ArtistColumns;->ARTIST_KEY:Ljava/lang/String;,public-api,system-api,test-api
Landroid/provider/MediaStore$Audio$ArtistColumns;->NUMBER_OF_ALBUMS:Ljava/lang/String;,public-api,system-api,test-api
Landroid/provider/MediaStore$Audio$ArtistColumns;->NUMBER_OF_TRACKS:Ljava/lang/String;,public-api,system-api,test-api
Landroid/provider/MediaStore$Audio$Artists$Albums;-><init>()V,public-api,system-api,test-api
Landroid/provider/MediaStore$Audio$Artists$Albums;->getContentUri(Ljava/lang/String;J)Landroid/net/Uri;,public-api,system-api,test-api
Landroid/provider/MediaStore$Audio$Artists;-><clinit>()V
Landroid/provider/MediaStore$Audio$Artists;-><init>()V,public-api,system-api,test-api
Landroid/provider/MediaStore$Audio$Artists;->CONTENT_TYPE:Ljava/lang/String;,public-api,system-api,test-api
Landroid/provider/MediaStore$Audio$Artists;->DEFAULT_SORT_ORDER:Ljava/lang/String;,public-api,system-api,test-api
Landroid/provider/MediaStore$Audio$Artists;->ENTRY_CONTENT_TYPE:Ljava/lang/String;,public-api,system-api,test-api
Landroid/provider/MediaStore$Audio$Artists;->EXTERNAL_CONTENT_URI:Landroid/net/Uri;,public-api,system-api,test-api
Landroid/provider/MediaStore$Audio$Artists;->INTERNAL_CONTENT_URI:Landroid/net/Uri;,public-api,system-api,test-api
Landroid/provider/MediaStore$Audio$Artists;->getContentUri(Ljava/lang/String;)Landroid/net/Uri;,public-api,system-api,test-api
Landroid/provider/MediaStore$Audio$AudioColumns;->ALBUM:Ljava/lang/String;
Landroid/provider/MediaStore$Audio$AudioColumns;->ALBUM_ARTIST:Ljava/lang/String;
Landroid/provider/MediaStore$Audio$AudioColumns;->ALBUM_ID:Ljava/lang/String;,public-api,system-api,test-api
Landroid/provider/MediaStore$Audio$AudioColumns;->ALBUM_KEY:Ljava/lang/String;,public-api,system-api,test-api
Landroid/provider/MediaStore$Audio$AudioColumns;->ARTIST:Ljava/lang/String;
Landroid/provider/MediaStore$Audio$AudioColumns;->ARTIST_ID:Ljava/lang/String;,public-api,system-api,test-api
Landroid/provider/MediaStore$Audio$AudioColumns;->ARTIST_KEY:Ljava/lang/String;,public-api,system-api,test-api
Landroid/provider/MediaStore$Audio$AudioColumns;->BOOKMARK:Ljava/lang/String;,public-api,system-api,test-api
Landroid/provider/MediaStore$Audio$AudioColumns;->COMPOSER:Ljava/lang/String;
Landroid/provider/MediaStore$Audio$AudioColumns;->DURATION:Ljava/lang/String;
Landroid/provider/MediaStore$Audio$AudioColumns;->GENRE:Ljava/lang/String;,public-api,system-api,test-api
Landroid/provider/MediaStore$Audio$AudioColumns;->GENRE_ID:Ljava/lang/String;,public-api,system-api,test-api
Landroid/provider/MediaStore$Audio$AudioColumns;->GENRE_KEY:Ljava/lang/String;,public-api,system-api,test-api
Landroid/provider/MediaStore$Audio$AudioColumns;->IS_ALARM:Ljava/lang/String;,public-api,system-api,test-api
Landroid/provider/MediaStore$Audio$AudioColumns;->IS_AUDIOBOOK:Ljava/lang/String;,public-api,system-api,test-api
Landroid/provider/MediaStore$Audio$AudioColumns;->IS_MUSIC:Ljava/lang/String;,public-api,system-api,test-api
Landroid/provider/MediaStore$Audio$AudioColumns;->IS_NOTIFICATION:Ljava/lang/String;,public-api,system-api,test-api
Landroid/provider/MediaStore$Audio$AudioColumns;->IS_PODCAST:Ljava/lang/String;,public-api,system-api,test-api
Landroid/provider/MediaStore$Audio$AudioColumns;->IS_RECORDING:Ljava/lang/String;,public-api,system-api,test-api
Landroid/provider/MediaStore$Audio$AudioColumns;->IS_RINGTONE:Ljava/lang/String;,public-api,system-api,test-api
Landroid/provider/MediaStore$Audio$AudioColumns;->TITLE_KEY:Ljava/lang/String;,public-api,system-api,test-api
Landroid/provider/MediaStore$Audio$AudioColumns;->TITLE_RESOURCE_URI:Ljava/lang/String;,public-api,system-api,test-api
Landroid/provider/MediaStore$Audio$AudioColumns;->TRACK:Ljava/lang/String;,public-api,system-api,test-api
Landroid/provider/MediaStore$Audio$AudioColumns;->YEAR:Ljava/lang/String;,public-api,system-api,test-api
Landroid/provider/MediaStore$Audio$Genres$Members;-><init>()V,public-api,system-api,test-api
Landroid/provider/MediaStore$Audio$Genres$Members;->AUDIO_ID:Ljava/lang/String;,public-api,system-api,test-api
Landroid/provider/MediaStore$Audio$Genres$Members;->CONTENT_DIRECTORY:Ljava/lang/String;,public-api,system-api,test-api
Landroid/provider/MediaStore$Audio$Genres$Members;->DEFAULT_SORT_ORDER:Ljava/lang/String;,public-api,system-api,test-api
Landroid/provider/MediaStore$Audio$Genres$Members;->GENRE_ID:Ljava/lang/String;,public-api,system-api,test-api
Landroid/provider/MediaStore$Audio$Genres$Members;->getContentUri(Ljava/lang/String;J)Landroid/net/Uri;,public-api,system-api,test-api
Landroid/provider/MediaStore$Audio$Genres;-><clinit>()V
Landroid/provider/MediaStore$Audio$Genres;-><init>()V,public-api,system-api,test-api
Landroid/provider/MediaStore$Audio$Genres;->CONTENT_TYPE:Ljava/lang/String;,public-api,system-api,test-api
Landroid/provider/MediaStore$Audio$Genres;->DEFAULT_SORT_ORDER:Ljava/lang/String;,public-api,system-api,test-api
Landroid/provider/MediaStore$Audio$Genres;->ENTRY_CONTENT_TYPE:Ljava/lang/String;,public-api,system-api,test-api
Landroid/provider/MediaStore$Audio$Genres;->EXTERNAL_CONTENT_URI:Landroid/net/Uri;,public-api,system-api,test-api
Landroid/provider/MediaStore$Audio$Genres;->INTERNAL_CONTENT_URI:Landroid/net/Uri;,public-api,system-api,test-api
Landroid/provider/MediaStore$Audio$Genres;->getContentUri(Ljava/lang/String;)Landroid/net/Uri;,public-api,system-api,test-api
Landroid/provider/MediaStore$Audio$Genres;->getContentUriForAudioId(Ljava/lang/String;I)Landroid/net/Uri;,public-api,system-api,test-api
Landroid/provider/MediaStore$Audio$GenresColumns;->NAME:Ljava/lang/String;,public-api,system-api,test-api
Landroid/provider/MediaStore$Audio$Media;-><clinit>()V
Landroid/provider/MediaStore$Audio$Media;-><init>()V,public-api,system-api,test-api
Landroid/provider/MediaStore$Audio$Media;->CONTENT_TYPE:Ljava/lang/String;,public-api,system-api,test-api
Landroid/provider/MediaStore$Audio$Media;->DEFAULT_SORT_ORDER:Ljava/lang/String;,public-api,system-api,test-api
Landroid/provider/MediaStore$Audio$Media;->ENTRY_CONTENT_TYPE:Ljava/lang/String;,public-api,system-api,test-api
Landroid/provider/MediaStore$Audio$Media;->EXTERNAL_CONTENT_URI:Landroid/net/Uri;,public-api,system-api,test-api
Landroid/provider/MediaStore$Audio$Media;->EXTRA_MAX_BYTES:Ljava/lang/String;,public-api,system-api,test-api
Landroid/provider/MediaStore$Audio$Media;->INTERNAL_CONTENT_URI:Landroid/net/Uri;,public-api,system-api,test-api
Landroid/provider/MediaStore$Audio$Media;->RECORD_SOUND_ACTION:Ljava/lang/String;,public-api,system-api,test-api
Landroid/provider/MediaStore$Audio$Media;->getContentUri(Ljava/lang/String;)Landroid/net/Uri;,public-api,system-api,test-api
Landroid/provider/MediaStore$Audio$Media;->getContentUri(Ljava/lang/String;J)Landroid/net/Uri;,public-api,system-api,test-api
Landroid/provider/MediaStore$Audio$Media;->getContentUriForPath(Ljava/lang/String;)Landroid/net/Uri;,public-api,system-api,test-api
Landroid/provider/MediaStore$Audio$Playlists$Members;-><init>()V,public-api,system-api,test-api
Landroid/provider/MediaStore$Audio$Playlists$Members;->AUDIO_ID:Ljava/lang/String;,public-api,system-api,test-api
Landroid/provider/MediaStore$Audio$Playlists$Members;->CONTENT_DIRECTORY:Ljava/lang/String;,public-api,system-api,test-api
Landroid/provider/MediaStore$Audio$Playlists$Members;->DEFAULT_SORT_ORDER:Ljava/lang/String;,public-api,system-api,test-api
Landroid/provider/MediaStore$Audio$Playlists$Members;->PLAYLIST_ID:Ljava/lang/String;,public-api,system-api,test-api
Landroid/provider/MediaStore$Audio$Playlists$Members;->PLAY_ORDER:Ljava/lang/String;,public-api,system-api,test-api
Landroid/provider/MediaStore$Audio$Playlists$Members;->_ID:Ljava/lang/String;,public-api,system-api,test-api
Landroid/provider/MediaStore$Audio$Playlists$Members;->getContentUri(Ljava/lang/String;J)Landroid/net/Uri;,public-api,system-api,test-api
Landroid/provider/MediaStore$Audio$Playlists$Members;->moveItem(Landroid/content/ContentResolver;JII)Z,public-api,system-api,test-api
Landroid/provider/MediaStore$Audio$Playlists;-><clinit>()V
Landroid/provider/MediaStore$Audio$Playlists;-><init>()V,public-api,system-api,test-api
Landroid/provider/MediaStore$Audio$Playlists;->CONTENT_TYPE:Ljava/lang/String;,public-api,system-api,test-api
Landroid/provider/MediaStore$Audio$Playlists;->DEFAULT_SORT_ORDER:Ljava/lang/String;,public-api,system-api,test-api
Landroid/provider/MediaStore$Audio$Playlists;->ENTRY_CONTENT_TYPE:Ljava/lang/String;,public-api,system-api,test-api
Landroid/provider/MediaStore$Audio$Playlists;->EXTERNAL_CONTENT_URI:Landroid/net/Uri;,public-api,system-api,test-api
Landroid/provider/MediaStore$Audio$Playlists;->INTERNAL_CONTENT_URI:Landroid/net/Uri;,public-api,system-api,test-api
Landroid/provider/MediaStore$Audio$Playlists;->getContentUri(Ljava/lang/String;)Landroid/net/Uri;,public-api,system-api,test-api
Landroid/provider/MediaStore$Audio$PlaylistsColumns;->DATA:Ljava/lang/String;,public-api,system-api,test-api
Landroid/provider/MediaStore$Audio$PlaylistsColumns;->DATE_ADDED:Ljava/lang/String;,public-api,system-api,test-api
Landroid/provider/MediaStore$Audio$PlaylistsColumns;->DATE_MODIFIED:Ljava/lang/String;,public-api,system-api,test-api
Landroid/provider/MediaStore$Audio$PlaylistsColumns;->NAME:Ljava/lang/String;,public-api,system-api,test-api
Landroid/provider/MediaStore$Audio$Radio;-><init>()V
Landroid/provider/MediaStore$Audio$Radio;->ENTRY_CONTENT_TYPE:Ljava/lang/String;,public-api,system-api,test-api
Landroid/provider/MediaStore$Audio$Thumbnails;-><init>()V
Landroid/provider/MediaStore$Audio$Thumbnails;->ALBUM_ID:Ljava/lang/String;
Landroid/provider/MediaStore$Audio$Thumbnails;->DATA:Ljava/lang/String;
Landroid/provider/MediaStore$Audio;-><clinit>()V
Landroid/provider/MediaStore$Audio;-><init>()V,public-api,system-api,test-api
Landroid/provider/MediaStore$Audio;->PATTERN_TRIM_AFTER:Ljava/util/regex/Pattern;
Landroid/provider/MediaStore$Audio;->PATTERN_TRIM_BEFORE:Ljava/util/regex/Pattern;
Landroid/provider/MediaStore$Audio;->encodeToString([B)Ljava/lang/String;
Landroid/provider/MediaStore$Audio;->keyFor(Ljava/lang/String;)Ljava/lang/String;,public-api,system-api,test-api
Landroid/provider/MediaStore$DownloadColumns;->DESCRIPTION:Ljava/lang/String;
Landroid/provider/MediaStore$DownloadColumns;->DOWNLOAD_URI:Ljava/lang/String;,public-api,system-api,test-api
Landroid/provider/MediaStore$DownloadColumns;->REFERER_URI:Ljava/lang/String;,public-api,system-api,test-api
Landroid/provider/MediaStore$Downloads;-><clinit>()V
Landroid/provider/MediaStore$Downloads;-><init>()V
Landroid/provider/MediaStore$Downloads;->CONTENT_TYPE:Ljava/lang/String;,public-api,system-api,test-api
Landroid/provider/MediaStore$Downloads;->EXTERNAL_CONTENT_URI:Landroid/net/Uri;,public-api,system-api,test-api
Landroid/provider/MediaStore$Downloads;->INTERNAL_CONTENT_URI:Landroid/net/Uri;,public-api,system-api,test-api
Landroid/provider/MediaStore$Downloads;->getContentUri(Ljava/lang/String;)Landroid/net/Uri;,public-api,system-api,test-api
Landroid/provider/MediaStore$Downloads;->getContentUri(Ljava/lang/String;J)Landroid/net/Uri;,public-api,system-api,test-api
Landroid/provider/MediaStore$Downloads;->getContentUriForPath(Ljava/lang/String;)Landroid/net/Uri;
Landroid/provider/MediaStore$Files$FileColumns;->FORMAT:Ljava/lang/String;
Landroid/provider/MediaStore$Files$FileColumns;->MEDIA_TYPE:Ljava/lang/String;,public-api,system-api,test-api
Landroid/provider/MediaStore$Files$FileColumns;->MEDIA_TYPE_AUDIO:I,public-api,system-api,test-api
Landroid/provider/MediaStore$Files$FileColumns;->MEDIA_TYPE_COUNT:I
Landroid/provider/MediaStore$Files$FileColumns;->MEDIA_TYPE_DOCUMENT:I,public-api,system-api,test-api
Landroid/provider/MediaStore$Files$FileColumns;->MEDIA_TYPE_IMAGE:I,public-api,system-api,test-api
Landroid/provider/MediaStore$Files$FileColumns;->MEDIA_TYPE_NONE:I,public-api,system-api,test-api
Landroid/provider/MediaStore$Files$FileColumns;->MEDIA_TYPE_PLAYLIST:I,public-api,system-api,test-api
Landroid/provider/MediaStore$Files$FileColumns;->MEDIA_TYPE_SUBTITLE:I,public-api,system-api,test-api
Landroid/provider/MediaStore$Files$FileColumns;->MEDIA_TYPE_VIDEO:I,public-api,system-api,test-api
Landroid/provider/MediaStore$Files$FileColumns;->MIME_TYPE:Ljava/lang/String;,public-api,system-api,test-api
Landroid/provider/MediaStore$Files$FileColumns;->PARENT:Ljava/lang/String;,public-api,system-api,test-api
Landroid/provider/MediaStore$Files$FileColumns;->REDACTED_URI_ID:Ljava/lang/String;
Landroid/provider/MediaStore$Files$FileColumns;->STORAGE_ID:Ljava/lang/String;
Landroid/provider/MediaStore$Files$FileColumns;->TITLE:Ljava/lang/String;
Landroid/provider/MediaStore$Files$FileColumns;->TRANSCODE_COMPLETE:I
Landroid/provider/MediaStore$Files$FileColumns;->TRANSCODE_EMPTY:I
Landroid/provider/MediaStore$Files$FileColumns;->_MODIFIER:Ljava/lang/String;
Landroid/provider/MediaStore$Files$FileColumns;->_MODIFIER_CR:I
Landroid/provider/MediaStore$Files$FileColumns;->_MODIFIER_CR_PENDING_METADATA:I
Landroid/provider/MediaStore$Files$FileColumns;->_MODIFIER_FUSE:I
Landroid/provider/MediaStore$Files$FileColumns;->_MODIFIER_MEDIA_SCAN:I
Landroid/provider/MediaStore$Files$FileColumns;->_SPECIAL_FORMAT:Ljava/lang/String;
Landroid/provider/MediaStore$Files$FileColumns;->_SPECIAL_FORMAT_ANIMATED_WEBP:I
Landroid/provider/MediaStore$Files$FileColumns;->_SPECIAL_FORMAT_GIF:I
Landroid/provider/MediaStore$Files$FileColumns;->_SPECIAL_FORMAT_MOTION_PHOTO:I
Landroid/provider/MediaStore$Files$FileColumns;->_SPECIAL_FORMAT_NONE:I
Landroid/provider/MediaStore$Files$FileColumns;->_TRANSCODE_STATUS:Ljava/lang/String;
Landroid/provider/MediaStore$Files$FileColumns;->_USER_ID:Ljava/lang/String;
Landroid/provider/MediaStore$Files$FileColumns;->_VIDEO_CODEC_TYPE:Ljava/lang/String;
Landroid/provider/MediaStore$Files;-><clinit>()V
Landroid/provider/MediaStore$Files;-><init>()V,public-api,system-api,test-api
Landroid/provider/MediaStore$Files;->EXTERNAL_CONTENT_URI:Landroid/net/Uri;
Landroid/provider/MediaStore$Files;->TABLE:Ljava/lang/String;
Landroid/provider/MediaStore$Files;->getContentUri(Ljava/lang/String;)Landroid/net/Uri;,public-api,system-api,test-api
Landroid/provider/MediaStore$Files;->getContentUri(Ljava/lang/String;J)Landroid/net/Uri;,public-api,system-api,test-api
Landroid/provider/MediaStore$Files;->getContentUriForPath(Ljava/lang/String;)Landroid/net/Uri;
Landroid/provider/MediaStore$Files;->getDirectoryUri(Ljava/lang/String;)Landroid/net/Uri;
Landroid/provider/MediaStore$Files;->getMtpObjectsUri(Ljava/lang/String;)Landroid/net/Uri;
Landroid/provider/MediaStore$Files;->getMtpObjectsUri(Ljava/lang/String;J)Landroid/net/Uri;
Landroid/provider/MediaStore$Files;->getMtpReferencesUri(Ljava/lang/String;J)Landroid/net/Uri;
Landroid/provider/MediaStore$Images$ImageColumns;->BUCKET_DISPLAY_NAME:Ljava/lang/String;
Landroid/provider/MediaStore$Images$ImageColumns;->BUCKET_ID:Ljava/lang/String;
Landroid/provider/MediaStore$Images$ImageColumns;->DATE_TAKEN:Ljava/lang/String;
Landroid/provider/MediaStore$Images$ImageColumns;->DESCRIPTION:Ljava/lang/String;,public-api,system-api,test-api
Landroid/provider/MediaStore$Images$ImageColumns;->EXPOSURE_TIME:Ljava/lang/String;,public-api,system-api,test-api
Landroid/provider/MediaStore$Images$ImageColumns;->F_NUMBER:Ljava/lang/String;,public-api,system-api,test-api
Landroid/provider/MediaStore$Images$ImageColumns;->GROUP_ID:Ljava/lang/String;
Landroid/provider/MediaStore$Images$ImageColumns;->ISO:Ljava/lang/String;,public-api,system-api,test-api
Landroid/provider/MediaStore$Images$ImageColumns;->IS_PRIVATE:Ljava/lang/String;,public-api,system-api,test-api
Landroid/provider/MediaStore$Images$ImageColumns;->LATITUDE:Ljava/lang/String;,public-api,system-api,test-api
Landroid/provider/MediaStore$Images$ImageColumns;->LONGITUDE:Ljava/lang/String;,public-api,system-api,test-api
Landroid/provider/MediaStore$Images$ImageColumns;->MINI_THUMB_MAGIC:Ljava/lang/String;,public-api,system-api,test-api
Landroid/provider/MediaStore$Images$ImageColumns;->ORIENTATION:Ljava/lang/String;
Landroid/provider/MediaStore$Images$ImageColumns;->PICASA_ID:Ljava/lang/String;,public-api,system-api,test-api
Landroid/provider/MediaStore$Images$ImageColumns;->SCENE_CAPTURE_TYPE:Ljava/lang/String;,public-api,system-api,test-api
Landroid/provider/MediaStore$Images$Media;-><clinit>()V
Landroid/provider/MediaStore$Images$Media;-><init>()V,public-api,system-api,test-api
Landroid/provider/MediaStore$Images$Media;->CONTENT_TYPE:Ljava/lang/String;,public-api,system-api,test-api
Landroid/provider/MediaStore$Images$Media;->DEFAULT_SORT_ORDER:Ljava/lang/String;,public-api,system-api,test-api
Landroid/provider/MediaStore$Images$Media;->EXTERNAL_CONTENT_URI:Landroid/net/Uri;,public-api,system-api,test-api
Landroid/provider/MediaStore$Images$Media;->INTERNAL_CONTENT_URI:Landroid/net/Uri;,public-api,system-api,test-api
Landroid/provider/MediaStore$Images$Media;->getBitmap(Landroid/content/ContentResolver;Landroid/net/Uri;)Landroid/graphics/Bitmap;,public-api,system-api,test-api
Landroid/provider/MediaStore$Images$Media;->getContentUri(Ljava/lang/String;)Landroid/net/Uri;,public-api,system-api,test-api
Landroid/provider/MediaStore$Images$Media;->getContentUri(Ljava/lang/String;J)Landroid/net/Uri;,public-api,system-api,test-api
Landroid/provider/MediaStore$Images$Media;->insertImage(Landroid/content/ContentResolver;Landroid/graphics/Bitmap;Ljava/lang/String;Ljava/lang/String;)Ljava/lang/String;,public-api,system-api,test-api
Landroid/provider/MediaStore$Images$Media;->insertImage(Landroid/content/ContentResolver;Ljava/lang/String;Ljava/lang/String;Ljava/lang/String;)Ljava/lang/String;,public-api,system-api,test-api
Landroid/provider/MediaStore$Images$Media;->query(Landroid/content/ContentResolver;Landroid/net/Uri;[Ljava/lang/String;)Landroid/database/Cursor;,public-api,system-api,test-api
Landroid/provider/MediaStore$Images$Media;->query(Landroid/content/ContentResolver;Landroid/net/Uri;[Ljava/lang/String;Ljava/lang/String;Ljava/lang/String;)Landroid/database/Cursor;,public-api,system-api,test-api
Landroid/provider/MediaStore$Images$Media;->query(Landroid/content/ContentResolver;Landroid/net/Uri;[Ljava/lang/String;Ljava/lang/String;[Ljava/lang/String;Ljava/lang/String;)Landroid/database/Cursor;,public-api,system-api,test-api
Landroid/provider/MediaStore$Images$Thumbnails;-><clinit>()V
Landroid/provider/MediaStore$Images$Thumbnails;-><init>()V,public-api,system-api,test-api
Landroid/provider/MediaStore$Images$Thumbnails;->DATA:Ljava/lang/String;,public-api,system-api,test-api
Landroid/provider/MediaStore$Images$Thumbnails;->DEFAULT_SORT_ORDER:Ljava/lang/String;,public-api,system-api,test-api
Landroid/provider/MediaStore$Images$Thumbnails;->EXTERNAL_CONTENT_URI:Landroid/net/Uri;,public-api,system-api,test-api
Landroid/provider/MediaStore$Images$Thumbnails;->FULL_SCREEN_KIND:I,public-api,system-api,test-api
Landroid/provider/MediaStore$Images$Thumbnails;->HEIGHT:Ljava/lang/String;,public-api,system-api,test-api
Landroid/provider/MediaStore$Images$Thumbnails;->IMAGE_ID:Ljava/lang/String;,public-api,system-api,test-api
Landroid/provider/MediaStore$Images$Thumbnails;->INTERNAL_CONTENT_URI:Landroid/net/Uri;,public-api,system-api,test-api
Landroid/provider/MediaStore$Images$Thumbnails;->KIND:Ljava/lang/String;,public-api,system-api,test-api
Landroid/provider/MediaStore$Images$Thumbnails;->MICRO_KIND:I,public-api,system-api,test-api
Landroid/provider/MediaStore$Images$Thumbnails;->MINI_KIND:I,public-api,system-api,test-api
Landroid/provider/MediaStore$Images$Thumbnails;->THUMB_DATA:Ljava/lang/String;,public-api,system-api,test-api
Landroid/provider/MediaStore$Images$Thumbnails;->WIDTH:Ljava/lang/String;,public-api,system-api,test-api
Landroid/provider/MediaStore$Images$Thumbnails;->cancelThumbnailRequest(Landroid/content/ContentResolver;J)V,public-api,system-api,test-api
Landroid/provider/MediaStore$Images$Thumbnails;->cancelThumbnailRequest(Landroid/content/ContentResolver;JJ)V,public-api,system-api,test-api
Landroid/provider/MediaStore$Images$Thumbnails;->getContentUri(Ljava/lang/String;)Landroid/net/Uri;,public-api,system-api,test-api
Landroid/provider/MediaStore$Images$Thumbnails;->getKindSize(I)Landroid/util/Size;,public-api,system-api,test-api
Landroid/provider/MediaStore$Images$Thumbnails;->getThumbnail(Landroid/content/ContentResolver;JILandroid/graphics/BitmapFactory$Options;)Landroid/graphics/Bitmap;,public-api,system-api,test-api
Landroid/provider/MediaStore$Images$Thumbnails;->getThumbnail(Landroid/content/ContentResolver;JJILandroid/graphics/BitmapFactory$Options;)Landroid/graphics/Bitmap;,public-api,system-api,test-api
Landroid/provider/MediaStore$Images$Thumbnails;->query(Landroid/content/ContentResolver;Landroid/net/Uri;[Ljava/lang/String;)Landroid/database/Cursor;,public-api,system-api,test-api
Landroid/provider/MediaStore$Images$Thumbnails;->queryMiniThumbnail(Landroid/content/ContentResolver;JI[Ljava/lang/String;)Landroid/database/Cursor;,public-api,system-api,test-api
Landroid/provider/MediaStore$Images$Thumbnails;->queryMiniThumbnails(Landroid/content/ContentResolver;Landroid/net/Uri;I[Ljava/lang/String;)Landroid/database/Cursor;,public-api,system-api,test-api
Landroid/provider/MediaStore$Images;-><init>()V,public-api,system-api,test-api
Landroid/provider/MediaStore$InternalThumbnails;-><clinit>()V
Landroid/provider/MediaStore$InternalThumbnails;-><init>()V
Landroid/provider/MediaStore$InternalThumbnails;->cancelThumbnail(Landroid/content/ContentResolver;Landroid/net/Uri;)V
Landroid/provider/MediaStore$InternalThumbnails;->getThumbnail(Landroid/content/ContentResolver;Landroid/net/Uri;ILandroid/graphics/BitmapFactory$Options;)Landroid/graphics/Bitmap;
Landroid/provider/MediaStore$InternalThumbnails;->sPending:Landroid/util/ArrayMap;
Landroid/provider/MediaStore$MediaColumns;->ALBUM:Ljava/lang/String;,public-api,system-api,test-api
Landroid/provider/MediaStore$MediaColumns;->ALBUM_ARTIST:Ljava/lang/String;,public-api,system-api,test-api
Landroid/provider/MediaStore$MediaColumns;->ARTIST:Ljava/lang/String;,public-api,system-api,test-api
Landroid/provider/MediaStore$MediaColumns;->AUTHOR:Ljava/lang/String;,public-api,system-api,test-api
Landroid/provider/MediaStore$MediaColumns;->BITRATE:Ljava/lang/String;,public-api,system-api,test-api
Landroid/provider/MediaStore$MediaColumns;->BUCKET_DISPLAY_NAME:Ljava/lang/String;,public-api,system-api,test-api
Landroid/provider/MediaStore$MediaColumns;->BUCKET_ID:Ljava/lang/String;,public-api,system-api,test-api
Landroid/provider/MediaStore$MediaColumns;->CAPTURE_FRAMERATE:Ljava/lang/String;,public-api,system-api,test-api
Landroid/provider/MediaStore$MediaColumns;->CD_TRACK_NUMBER:Ljava/lang/String;,public-api,system-api,test-api
Landroid/provider/MediaStore$MediaColumns;->COMPILATION:Ljava/lang/String;,public-api,system-api,test-api
Landroid/provider/MediaStore$MediaColumns;->COMPOSER:Ljava/lang/String;,public-api,system-api,test-api
Landroid/provider/MediaStore$MediaColumns;->DATA:Ljava/lang/String;,public-api,system-api,test-api
Landroid/provider/MediaStore$MediaColumns;->DATE_ADDED:Ljava/lang/String;,public-api,system-api,test-api
Landroid/provider/MediaStore$MediaColumns;->DATE_EXPIRES:Ljava/lang/String;,public-api,system-api,test-api
Landroid/provider/MediaStore$MediaColumns;->DATE_MODIFIED:Ljava/lang/String;,public-api,system-api,test-api
Landroid/provider/MediaStore$MediaColumns;->DATE_TAKEN:Ljava/lang/String;,public-api,system-api,test-api
Landroid/provider/MediaStore$MediaColumns;->DISC_NUMBER:Ljava/lang/String;,public-api,system-api,test-api
Landroid/provider/MediaStore$MediaColumns;->DISPLAY_NAME:Ljava/lang/String;,public-api,system-api,test-api
Landroid/provider/MediaStore$MediaColumns;->DOCUMENT_ID:Ljava/lang/String;,public-api,system-api,test-api
Landroid/provider/MediaStore$MediaColumns;->DURATION:Ljava/lang/String;,public-api,system-api,test-api
Landroid/provider/MediaStore$MediaColumns;->GENERATION_ADDED:Ljava/lang/String;,public-api,system-api,test-api
Landroid/provider/MediaStore$MediaColumns;->GENERATION_MODIFIED:Ljava/lang/String;,public-api,system-api,test-api
Landroid/provider/MediaStore$MediaColumns;->GENRE:Ljava/lang/String;,public-api,system-api,test-api
Landroid/provider/MediaStore$MediaColumns;->GROUP_ID:Ljava/lang/String;
Landroid/provider/MediaStore$MediaColumns;->HEIGHT:Ljava/lang/String;,public-api,system-api,test-api
Landroid/provider/MediaStore$MediaColumns;->INSTANCE_ID:Ljava/lang/String;,public-api,system-api,test-api
Landroid/provider/MediaStore$MediaColumns;->IS_DOWNLOAD:Ljava/lang/String;,public-api,system-api,test-api
Landroid/provider/MediaStore$MediaColumns;->IS_DRM:Ljava/lang/String;,public-api,system-api,test-api
Landroid/provider/MediaStore$MediaColumns;->IS_FAVORITE:Ljava/lang/String;,public-api,system-api,test-api
Landroid/provider/MediaStore$MediaColumns;->IS_PENDING:Ljava/lang/String;,public-api,system-api,test-api
Landroid/provider/MediaStore$MediaColumns;->IS_TRASHED:Ljava/lang/String;,public-api,system-api,test-api
Landroid/provider/MediaStore$MediaColumns;->MIME_TYPE:Ljava/lang/String;,public-api,system-api,test-api
Landroid/provider/MediaStore$MediaColumns;->NUM_TRACKS:Ljava/lang/String;,public-api,system-api,test-api
Landroid/provider/MediaStore$MediaColumns;->ORIENTATION:Ljava/lang/String;,public-api,system-api,test-api
Landroid/provider/MediaStore$MediaColumns;->ORIGINAL_DOCUMENT_ID:Ljava/lang/String;,public-api,system-api,test-api
Landroid/provider/MediaStore$MediaColumns;->OWNER_PACKAGE_NAME:Ljava/lang/String;,public-api,system-api,test-api
Landroid/provider/MediaStore$MediaColumns;->RELATIVE_PATH:Ljava/lang/String;,public-api,system-api,test-api
Landroid/provider/MediaStore$MediaColumns;->RESOLUTION:Ljava/lang/String;,public-api,system-api,test-api
Landroid/provider/MediaStore$MediaColumns;->SIZE:Ljava/lang/String;,public-api,system-api,test-api
Landroid/provider/MediaStore$MediaColumns;->TITLE:Ljava/lang/String;,public-api,system-api,test-api
Landroid/provider/MediaStore$MediaColumns;->VOLUME_NAME:Ljava/lang/String;,public-api,system-api,test-api
Landroid/provider/MediaStore$MediaColumns;->WIDTH:Ljava/lang/String;,public-api,system-api,test-api
Landroid/provider/MediaStore$MediaColumns;->WRITER:Ljava/lang/String;,public-api,system-api,test-api
Landroid/provider/MediaStore$MediaColumns;->XMP:Ljava/lang/String;,public-api,system-api,test-api
Landroid/provider/MediaStore$MediaColumns;->YEAR:Ljava/lang/String;,public-api,system-api,test-api
Landroid/provider/MediaStore$PickerMediaColumns;-><init>()V
Landroid/provider/MediaStore$PickerMediaColumns;->DATA:Ljava/lang/String;,public-api,system-api,test-api
Landroid/provider/MediaStore$PickerMediaColumns;->DATE_TAKEN:Ljava/lang/String;,public-api,system-api,test-api
Landroid/provider/MediaStore$PickerMediaColumns;->DISPLAY_NAME:Ljava/lang/String;,public-api,system-api,test-api
Landroid/provider/MediaStore$PickerMediaColumns;->DURATION_MILLIS:Ljava/lang/String;,public-api,system-api,test-api
Landroid/provider/MediaStore$PickerMediaColumns;->MIME_TYPE:Ljava/lang/String;,public-api,system-api,test-api
Landroid/provider/MediaStore$PickerMediaColumns;->SIZE:Ljava/lang/String;,public-api,system-api,test-api
Landroid/provider/MediaStore$ThumbnailConstants;-><clinit>()V
Landroid/provider/MediaStore$ThumbnailConstants;-><init>()V
Landroid/provider/MediaStore$ThumbnailConstants;->FULL_SCREEN_KIND:I
Landroid/provider/MediaStore$ThumbnailConstants;->FULL_SCREEN_SIZE:Landroid/util/Size;
Landroid/provider/MediaStore$ThumbnailConstants;->MICRO_KIND:I
Landroid/provider/MediaStore$ThumbnailConstants;->MICRO_SIZE:Landroid/util/Size;
Landroid/provider/MediaStore$ThumbnailConstants;->MINI_KIND:I
Landroid/provider/MediaStore$ThumbnailConstants;->MINI_SIZE:Landroid/util/Size;
Landroid/provider/MediaStore$ThumbnailConstants;->getKindSize(I)Landroid/util/Size;
Landroid/provider/MediaStore$Video$Media;-><clinit>()V
Landroid/provider/MediaStore$Video$Media;-><init>()V,public-api,system-api,test-api
Landroid/provider/MediaStore$Video$Media;->CONTENT_TYPE:Ljava/lang/String;,public-api,system-api,test-api
Landroid/provider/MediaStore$Video$Media;->DEFAULT_SORT_ORDER:Ljava/lang/String;,public-api,system-api,test-api
Landroid/provider/MediaStore$Video$Media;->EXTERNAL_CONTENT_URI:Landroid/net/Uri;,public-api,system-api,test-api
Landroid/provider/MediaStore$Video$Media;->INTERNAL_CONTENT_URI:Landroid/net/Uri;,public-api,system-api,test-api
Landroid/provider/MediaStore$Video$Media;->getContentUri(Ljava/lang/String;)Landroid/net/Uri;,public-api,system-api,test-api
Landroid/provider/MediaStore$Video$Media;->getContentUri(Ljava/lang/String;J)Landroid/net/Uri;,public-api,system-api,test-api
Landroid/provider/MediaStore$Video$Thumbnails;-><clinit>()V
Landroid/provider/MediaStore$Video$Thumbnails;-><init>()V,public-api,system-api,test-api
Landroid/provider/MediaStore$Video$Thumbnails;->DATA:Ljava/lang/String;,public-api,system-api,test-api
Landroid/provider/MediaStore$Video$Thumbnails;->DEFAULT_SORT_ORDER:Ljava/lang/String;,public-api,system-api,test-api
Landroid/provider/MediaStore$Video$Thumbnails;->EXTERNAL_CONTENT_URI:Landroid/net/Uri;,public-api,system-api,test-api
Landroid/provider/MediaStore$Video$Thumbnails;->FULL_SCREEN_KIND:I,public-api,system-api,test-api
Landroid/provider/MediaStore$Video$Thumbnails;->HEIGHT:Ljava/lang/String;,public-api,system-api,test-api
Landroid/provider/MediaStore$Video$Thumbnails;->INTERNAL_CONTENT_URI:Landroid/net/Uri;,public-api,system-api,test-api
Landroid/provider/MediaStore$Video$Thumbnails;->KIND:Ljava/lang/String;,public-api,system-api,test-api
Landroid/provider/MediaStore$Video$Thumbnails;->MICRO_KIND:I,public-api,system-api,test-api
Landroid/provider/MediaStore$Video$Thumbnails;->MINI_KIND:I,public-api,system-api,test-api
Landroid/provider/MediaStore$Video$Thumbnails;->VIDEO_ID:Ljava/lang/String;,public-api,system-api,test-api
Landroid/provider/MediaStore$Video$Thumbnails;->WIDTH:Ljava/lang/String;,public-api,system-api,test-api
Landroid/provider/MediaStore$Video$Thumbnails;->cancelThumbnailRequest(Landroid/content/ContentResolver;J)V,public-api,system-api,test-api
Landroid/provider/MediaStore$Video$Thumbnails;->cancelThumbnailRequest(Landroid/content/ContentResolver;JJ)V,public-api,system-api,test-api
Landroid/provider/MediaStore$Video$Thumbnails;->getContentUri(Ljava/lang/String;)Landroid/net/Uri;,public-api,system-api,test-api
Landroid/provider/MediaStore$Video$Thumbnails;->getKindSize(I)Landroid/util/Size;,public-api,system-api,test-api
Landroid/provider/MediaStore$Video$Thumbnails;->getThumbnail(Landroid/content/ContentResolver;JILandroid/graphics/BitmapFactory$Options;)Landroid/graphics/Bitmap;,public-api,system-api,test-api
Landroid/provider/MediaStore$Video$Thumbnails;->getThumbnail(Landroid/content/ContentResolver;JJILandroid/graphics/BitmapFactory$Options;)Landroid/graphics/Bitmap;,public-api,system-api,test-api
Landroid/provider/MediaStore$Video$VideoColumns;->ALBUM:Ljava/lang/String;
Landroid/provider/MediaStore$Video$VideoColumns;->ARTIST:Ljava/lang/String;
Landroid/provider/MediaStore$Video$VideoColumns;->BOOKMARK:Ljava/lang/String;,public-api,system-api,test-api
Landroid/provider/MediaStore$Video$VideoColumns;->BUCKET_DISPLAY_NAME:Ljava/lang/String;
Landroid/provider/MediaStore$Video$VideoColumns;->BUCKET_ID:Ljava/lang/String;
Landroid/provider/MediaStore$Video$VideoColumns;->CATEGORY:Ljava/lang/String;,public-api,system-api,test-api
Landroid/provider/MediaStore$Video$VideoColumns;->COLOR_RANGE:Ljava/lang/String;,public-api,system-api,test-api
Landroid/provider/MediaStore$Video$VideoColumns;->COLOR_STANDARD:Ljava/lang/String;,public-api,system-api,test-api
Landroid/provider/MediaStore$Video$VideoColumns;->COLOR_TRANSFER:Ljava/lang/String;,public-api,system-api,test-api
Landroid/provider/MediaStore$Video$VideoColumns;->DATE_TAKEN:Ljava/lang/String;
Landroid/provider/MediaStore$Video$VideoColumns;->DESCRIPTION:Ljava/lang/String;,public-api,system-api,test-api
Landroid/provider/MediaStore$Video$VideoColumns;->DURATION:Ljava/lang/String;
Landroid/provider/MediaStore$Video$VideoColumns;->GROUP_ID:Ljava/lang/String;
Landroid/provider/MediaStore$Video$VideoColumns;->IS_PRIVATE:Ljava/lang/String;,public-api,system-api,test-api
Landroid/provider/MediaStore$Video$VideoColumns;->LANGUAGE:Ljava/lang/String;,public-api,system-api,test-api
Landroid/provider/MediaStore$Video$VideoColumns;->LATITUDE:Ljava/lang/String;,public-api,system-api,test-api
Landroid/provider/MediaStore$Video$VideoColumns;->LONGITUDE:Ljava/lang/String;,public-api,system-api,test-api
Landroid/provider/MediaStore$Video$VideoColumns;->MINI_THUMB_MAGIC:Ljava/lang/String;,public-api,system-api,test-api
Landroid/provider/MediaStore$Video$VideoColumns;->RESOLUTION:Ljava/lang/String;
Landroid/provider/MediaStore$Video$VideoColumns;->TAGS:Ljava/lang/String;,public-api,system-api,test-api
Landroid/provider/MediaStore$Video;-><init>()V,public-api,system-api,test-api
Landroid/provider/MediaStore$Video;->DEFAULT_SORT_ORDER:Ljava/lang/String;,public-api,system-api,test-api
Landroid/provider/MediaStore$Video;->query(Landroid/content/ContentResolver;Landroid/net/Uri;[Ljava/lang/String;)Landroid/database/Cursor;,public-api,system-api,test-api
Landroid/provider/MediaStore;-><clinit>()V
Landroid/provider/MediaStore;-><init>()V,public-api,system-api,test-api
Landroid/provider/MediaStore;->ACTION_IMAGE_CAPTURE:Ljava/lang/String;,public-api,system-api,test-api
Landroid/provider/MediaStore;->ACTION_IMAGE_CAPTURE_SECURE:Ljava/lang/String;,public-api,system-api,test-api
Landroid/provider/MediaStore;->ACTION_PICK_IMAGES:Ljava/lang/String;,public-api,system-api,test-api
Landroid/provider/MediaStore;->ACTION_PICK_IMAGES_SETTINGS:Ljava/lang/String;
Landroid/provider/MediaStore;->ACTION_REVIEW:Ljava/lang/String;,public-api,system-api,test-api
Landroid/provider/MediaStore;->ACTION_REVIEW_SECURE:Ljava/lang/String;,public-api,system-api,test-api
Landroid/provider/MediaStore;->ACTION_VIDEO_CAPTURE:Ljava/lang/String;,public-api,system-api,test-api
Landroid/provider/MediaStore;->AUTHORITY:Ljava/lang/String;,public-api,system-api,test-api
Landroid/provider/MediaStore;->AUTHORITY_LEGACY:Ljava/lang/String;,system-api,test-api
Landroid/provider/MediaStore;->AUTHORITY_LEGACY_URI:Landroid/net/Uri;,system-api,test-api
Landroid/provider/MediaStore;->AUTHORITY_URI:Landroid/net/Uri;,public-api,system-api,test-api
Landroid/provider/MediaStore;->CREATE_DELETE_REQUEST_CALL:Ljava/lang/String;
Landroid/provider/MediaStore;->CREATE_FAVORITE_REQUEST_CALL:Ljava/lang/String;
Landroid/provider/MediaStore;->CREATE_SURFACE_CONTROLLER:Ljava/lang/String;
Landroid/provider/MediaStore;->CREATE_TRASH_REQUEST_CALL:Ljava/lang/String;
Landroid/provider/MediaStore;->CREATE_WRITE_REQUEST_CALL:Ljava/lang/String;
Landroid/provider/MediaStore;->EXTERNAL_STORAGE_PROVIDER_AUTHORITY:Ljava/lang/String;
Landroid/provider/MediaStore;->EXTRA_ACCEPT_ORIGINAL_MEDIA_FORMAT:Ljava/lang/String;,public-api,system-api,test-api
Landroid/provider/MediaStore;->EXTRA_BRIGHTNESS:Ljava/lang/String;,public-api,system-api,test-api
Landroid/provider/MediaStore;->EXTRA_CLIP_DATA:Ljava/lang/String;
Landroid/provider/MediaStore;->EXTRA_CLOUD_PROVIDER:Ljava/lang/String;
Landroid/provider/MediaStore;->EXTRA_CLOUD_PROVIDER_RESULT:Ljava/lang/String;
Landroid/provider/MediaStore;->EXTRA_CONTENT_VALUES:Ljava/lang/String;
Landroid/provider/MediaStore;->EXTRA_DURATION_LIMIT:Ljava/lang/String;,public-api,system-api,test-api
Landroid/provider/MediaStore;->EXTRA_FILE_DESCRIPTOR:Ljava/lang/String;
Landroid/provider/MediaStore;->EXTRA_FINISH_ON_COMPLETION:Ljava/lang/String;,public-api,system-api,test-api
Landroid/provider/MediaStore;->EXTRA_FULL_SCREEN:Ljava/lang/String;,public-api,system-api,test-api
Landroid/provider/MediaStore;->EXTRA_IS_SYSTEM_GALLERY_RESPONSE:Ljava/lang/String;
Landroid/provider/MediaStore;->EXTRA_IS_SYSTEM_GALLERY_UID:Ljava/lang/String;
Landroid/provider/MediaStore;->EXTRA_MEDIA_ALBUM:Ljava/lang/String;,public-api,system-api,test-api
Landroid/provider/MediaStore;->EXTRA_MEDIA_ARTIST:Ljava/lang/String;,public-api,system-api,test-api
Landroid/provider/MediaStore;->EXTRA_MEDIA_CAPABILITIES:Ljava/lang/String;,public-api,system-api,test-api
Landroid/provider/MediaStore;->EXTRA_MEDIA_CAPABILITIES_UID:Ljava/lang/String;,public-api,system-api,test-api
Landroid/provider/MediaStore;->EXTRA_MEDIA_FOCUS:Ljava/lang/String;,public-api,system-api,test-api
Landroid/provider/MediaStore;->EXTRA_MEDIA_GENRE:Ljava/lang/String;,public-api,system-api,test-api
Landroid/provider/MediaStore;->EXTRA_MEDIA_PLAYLIST:Ljava/lang/String;,public-api,system-api,test-api
Landroid/provider/MediaStore;->EXTRA_MEDIA_RADIO_CHANNEL:Ljava/lang/String;,public-api,system-api,test-api
Landroid/provider/MediaStore;->EXTRA_MEDIA_TITLE:Ljava/lang/String;,public-api,system-api,test-api
Landroid/provider/MediaStore;->EXTRA_MODE:Ljava/lang/String;
Landroid/provider/MediaStore;->EXTRA_OUTPUT:Ljava/lang/String;,public-api,system-api,test-api
Landroid/provider/MediaStore;->EXTRA_PICK_IMAGES_MAX:Ljava/lang/String;,public-api,system-api,test-api
Landroid/provider/MediaStore;->EXTRA_RESULT:Ljava/lang/String;
Landroid/provider/MediaStore;->EXTRA_SCREEN_ORIENTATION:Ljava/lang/String;,public-api,system-api,test-api
Landroid/provider/MediaStore;->EXTRA_SHOW_ACTION_ICONS:Ljava/lang/String;,public-api,system-api,test-api
Landroid/provider/MediaStore;->EXTRA_SIZE_LIMIT:Ljava/lang/String;,public-api,system-api,test-api
Landroid/provider/MediaStore;->EXTRA_URI:Ljava/lang/String;
Landroid/provider/MediaStore;->EXTRA_URI_LIST:Ljava/lang/String;
Landroid/provider/MediaStore;->EXTRA_URI_PERMISSIONS:Ljava/lang/String;
Landroid/provider/MediaStore;->EXTRA_VIDEO_QUALITY:Ljava/lang/String;,public-api,system-api,test-api
Landroid/provider/MediaStore;->FINISH_LEGACY_MIGRATION_CALL:Ljava/lang/String;
Landroid/provider/MediaStore;->GET_DOCUMENT_URI_CALL:Ljava/lang/String;
Landroid/provider/MediaStore;->GET_GENERATION_CALL:Ljava/lang/String;
Landroid/provider/MediaStore;->GET_MEDIA_URI_CALL:Ljava/lang/String;
Landroid/provider/MediaStore;->GET_REDACTED_MEDIA_URI_CALL:Ljava/lang/String;
Landroid/provider/MediaStore;->GET_REDACTED_MEDIA_URI_LIST_CALL:Ljava/lang/String;
Landroid/provider/MediaStore;->GET_VERSION_CALL:Ljava/lang/String;
Landroid/provider/MediaStore;->INTENT_ACTION_MEDIA_PLAY_FROM_SEARCH:Ljava/lang/String;,public-api,system-api,test-api
Landroid/provider/MediaStore;->INTENT_ACTION_MEDIA_SEARCH:Ljava/lang/String;,public-api,system-api,test-api
Landroid/provider/MediaStore;->INTENT_ACTION_MUSIC_PLAYER:Ljava/lang/String;,public-api,system-api,test-api
Landroid/provider/MediaStore;->INTENT_ACTION_STILL_IMAGE_CAMERA:Ljava/lang/String;,public-api,system-api,test-api
Landroid/provider/MediaStore;->INTENT_ACTION_STILL_IMAGE_CAMERA_SECURE:Ljava/lang/String;,public-api,system-api,test-api
Landroid/provider/MediaStore;->INTENT_ACTION_TEXT_OPEN_FROM_SEARCH:Ljava/lang/String;,public-api,system-api,test-api
Landroid/provider/MediaStore;->INTENT_ACTION_VIDEO_CAMERA:Ljava/lang/String;,public-api,system-api,test-api
Landroid/provider/MediaStore;->INTENT_ACTION_VIDEO_PLAY_FROM_SEARCH:Ljava/lang/String;,public-api,system-api,test-api
Landroid/provider/MediaStore;->IS_CURRENT_CLOUD_PROVIDER_CALL:Ljava/lang/String;
Landroid/provider/MediaStore;->IS_SUPPORTED_CLOUD_PROVIDER_CALL:Ljava/lang/String;
Landroid/provider/MediaStore;->IS_SYSTEM_GALLERY_CALL:Ljava/lang/String;
Landroid/provider/MediaStore;->MATCH_DEFAULT:I,public-api,system-api,test-api
Landroid/provider/MediaStore;->MATCH_EXCLUDE:I,public-api,system-api,test-api
Landroid/provider/MediaStore;->MATCH_INCLUDE:I,public-api,system-api,test-api
Landroid/provider/MediaStore;->MATCH_ONLY:I,public-api,system-api,test-api
Landroid/provider/MediaStore;->MEDIA_IGNORE_FILENAME:Ljava/lang/String;,public-api,system-api,test-api
Landroid/provider/MediaStore;->MEDIA_SCANNER_VOLUME:Ljava/lang/String;,public-api,system-api,test-api
Landroid/provider/MediaStore;->META_DATA_REVIEW_GALLERY_PREWARM_SERVICE:Ljava/lang/String;,public-api,system-api,test-api
Landroid/provider/MediaStore;->META_DATA_STILL_IMAGE_CAMERA_PREWARM_SERVICE:Ljava/lang/String;,public-api,system-api,test-api
Landroid/provider/MediaStore;->MY_UID:I
Landroid/provider/MediaStore;->MY_USER_ID:I
Landroid/provider/MediaStore;->NOTIFY_CLOUD_MEDIA_CHANGED_EVENT_CALL:Ljava/lang/String;
Landroid/provider/MediaStore;->PARAM_DELETE_DATA:Ljava/lang/String;
Landroid/provider/MediaStore;->PARAM_INCLUDE_PENDING:Ljava/lang/String;
Landroid/provider/MediaStore;->PARAM_LIMIT:Ljava/lang/String;
Landroid/provider/MediaStore;->PARAM_PROGRESS:Ljava/lang/String;
Landroid/provider/MediaStore;->PARAM_REQUIRE_ORIGINAL:Ljava/lang/String;
Landroid/provider/MediaStore;->PATTERN_VOLUME_NAME:Ljava/util/regex/Pattern;
Landroid/provider/MediaStore;->PER_USER_RANGE:I
Landroid/provider/MediaStore;->PICK_IMAGES_MAX_LIMIT:I
Landroid/provider/MediaStore;->QUERY_ARG_ALBUM_ID:Ljava/lang/String;
Landroid/provider/MediaStore;->QUERY_ARG_ALBUM_TYPE:Ljava/lang/String;
Landroid/provider/MediaStore;->QUERY_ARG_ALLOW_MOVEMENT:Ljava/lang/String;
Landroid/provider/MediaStore;->QUERY_ARG_DEFER_SCAN:Ljava/lang/String;,system-api,test-api
Landroid/provider/MediaStore;->QUERY_ARG_INCLUDE_RECENTLY_UNMOUNTED_VOLUMES:Ljava/lang/String;,public-api,system-api,test-api
Landroid/provider/MediaStore;->QUERY_ARG_LIMIT:Ljava/lang/String;
Landroid/provider/MediaStore;->QUERY_ARG_MATCH_FAVORITE:Ljava/lang/String;,public-api,system-api,test-api
Landroid/provider/MediaStore;->QUERY_ARG_MATCH_PENDING:Ljava/lang/String;,public-api,system-api,test-api
Landroid/provider/MediaStore;->QUERY_ARG_MATCH_TRASHED:Ljava/lang/String;,public-api,system-api,test-api
Landroid/provider/MediaStore;->QUERY_ARG_MIME_TYPE:Ljava/lang/String;
Landroid/provider/MediaStore;->QUERY_ARG_REDACTED_URI:Ljava/lang/String;
Landroid/provider/MediaStore;->QUERY_ARG_RELATED_URI:Ljava/lang/String;,public-api,system-api,test-api
Landroid/provider/MediaStore;->QUERY_ARG_SIZE_BYTES:Ljava/lang/String;
Landroid/provider/MediaStore;->RESOLVE_PLAYLIST_MEMBERS_CALL:Ljava/lang/String;
Landroid/provider/MediaStore;->RUN_IDLE_MAINTENANCE_CALL:Ljava/lang/String;
Landroid/provider/MediaStore;->SCAN_FILE_CALL:Ljava/lang/String;
Landroid/provider/MediaStore;->SCAN_VOLUME_CALL:Ljava/lang/String;
Landroid/provider/MediaStore;->SET_CLOUD_PROVIDER_CALL:Ljava/lang/String;
Landroid/provider/MediaStore;->START_LEGACY_MIGRATION_CALL:Ljava/lang/String;
Landroid/provider/MediaStore;->SYNC_PROVIDERS_CALL:Ljava/lang/String;
Landroid/provider/MediaStore;->TAG:Ljava/lang/String;
Landroid/provider/MediaStore;->UNKNOWN_STRING:Ljava/lang/String;,public-api,system-api,test-api
Landroid/provider/MediaStore;->VOLUME_DEMO:Ljava/lang/String;
Landroid/provider/MediaStore;->VOLUME_EXTERNAL:Ljava/lang/String;,public-api,system-api,test-api
Landroid/provider/MediaStore;->VOLUME_EXTERNAL_PRIMARY:Ljava/lang/String;,public-api,system-api,test-api
Landroid/provider/MediaStore;->VOLUME_INTERNAL:Ljava/lang/String;,public-api,system-api,test-api
Landroid/provider/MediaStore;->WAIT_FOR_IDLE_CALL:Ljava/lang/String;
Landroid/provider/MediaStore;->callForCloudProvider(Landroid/content/ContentResolver;Ljava/lang/String;Ljava/lang/String;)Z
Landroid/provider/MediaStore;->canManageMedia(Landroid/content/Context;)Z,public-api,system-api,test-api
Landroid/provider/MediaStore;->checkArgumentVolumeName(Ljava/lang/String;)Ljava/lang/String;
Landroid/provider/MediaStore;->createDeleteRequest(Landroid/content/ContentResolver;Ljava/util/Collection;)Landroid/app/PendingIntent;,public-api,system-api,test-api
Landroid/provider/MediaStore;->createFavoriteRequest(Landroid/content/ContentResolver;Ljava/util/Collection;Z)Landroid/app/PendingIntent;,public-api,system-api,test-api
Landroid/provider/MediaStore;->createRequest(Landroid/content/ContentResolver;Ljava/lang/String;Ljava/util/Collection;Landroid/content/ContentValues;)Landroid/app/PendingIntent;
Landroid/provider/MediaStore;->createTrashRequest(Landroid/content/ContentResolver;Ljava/util/Collection;Z)Landroid/app/PendingIntent;,public-api,system-api,test-api
Landroid/provider/MediaStore;->createWriteRequest(Landroid/content/ContentResolver;Ljava/util/Collection;)Landroid/app/PendingIntent;,public-api,system-api,test-api
Landroid/provider/MediaStore;->finishLegacyMigration(Landroid/content/ContentResolver;Ljava/lang/String;)V
Landroid/provider/MediaStore;->getDocumentUri(Landroid/content/Context;Landroid/net/Uri;)Landroid/net/Uri;,public-api,system-api,test-api
Landroid/provider/MediaStore;->getExternalVolumeNames(Landroid/content/Context;)Ljava/util/Set;,public-api,system-api,test-api
Landroid/provider/MediaStore;->getGeneration(Landroid/content/ContentResolver;Ljava/lang/String;)J
Landroid/provider/MediaStore;->getGeneration(Landroid/content/Context;Ljava/lang/String;)J,public-api,system-api,test-api
Landroid/provider/MediaStore;->getIncludePending(Landroid/net/Uri;)Z
Landroid/provider/MediaStore;->getMediaScannerUri()Landroid/net/Uri;,public-api,system-api,test-api
Landroid/provider/MediaStore;->getMediaUri(Landroid/content/Context;Landroid/net/Uri;)Landroid/net/Uri;,public-api,system-api,test-api
Landroid/provider/MediaStore;->getOriginalMediaFormatFileDescriptor(Landroid/content/Context;Landroid/os/ParcelFileDescriptor;)Landroid/os/ParcelFileDescriptor;,public-api,system-api,test-api
Landroid/provider/MediaStore;->getPickImagesMaxLimit()I,public-api,system-api,test-api
Landroid/provider/MediaStore;->getRecentExternalVolumeNames(Landroid/content/Context;)Ljava/util/Set;,public-api,system-api,test-api
Landroid/provider/MediaStore;->getRedactedUri(Landroid/content/ContentResolver;Landroid/net/Uri;)Landroid/net/Uri;,public-api,system-api,test-api
Landroid/provider/MediaStore;->getRedactedUri(Landroid/content/ContentResolver;Ljava/util/List;)Ljava/util/List;,public-api,system-api,test-api
Landroid/provider/MediaStore;->getRequireOriginal(Landroid/net/Uri;)Z,public-api,system-api,test-api
Landroid/provider/MediaStore;->getUserIdFromUri(Landroid/net/Uri;)I
Landroid/provider/MediaStore;->getVersion(Landroid/content/Context;)Ljava/lang/String;,public-api,system-api,test-api
Landroid/provider/MediaStore;->getVersion(Landroid/content/Context;Ljava/lang/String;)Ljava/lang/String;,public-api,system-api,test-api
Landroid/provider/MediaStore;->getVolumeName(Landroid/net/Uri;)Ljava/lang/String;,public-api,system-api,test-api
Landroid/provider/MediaStore;->getVolumeName(Ljava/io/File;)Ljava/lang/String;
Landroid/provider/MediaStore;->isCurrentCloudMediaProviderAuthority(Landroid/content/ContentResolver;Ljava/lang/String;)Z
Landroid/provider/MediaStore;->isCurrentSystemGallery(Landroid/content/ContentResolver;ILjava/lang/String;)Z,public-api,system-api,test-api
Landroid/provider/MediaStore;->isSupportedCloudMediaProviderAuthority(Landroid/content/ContentResolver;Ljava/lang/String;)Z
Landroid/provider/MediaStore;->maybeAddUserId(Landroid/net/Uri;Ljava/lang/String;)Landroid/net/Uri;
Landroid/provider/MediaStore;->maybeAddUserId(Ljava/util/List;Ljava/lang/String;)Ljava/util/List;
Landroid/provider/MediaStore;->maybeRemoveUserId(Landroid/net/Uri;)Landroid/net/Uri;
Landroid/provider/MediaStore;->maybeRemoveUserId(Ljava/util/List;)Ljava/util/List;
Landroid/provider/MediaStore;->notifyCloudMediaChangedEvent(Landroid/content/ContentResolver;Ljava/lang/String;Ljava/lang/String;)V
Landroid/provider/MediaStore;->resolvePlaylistMembers(Landroid/content/ContentResolver;Landroid/net/Uri;)V
Landroid/provider/MediaStore;->rewriteToLegacy(Landroid/net/Uri;)Landroid/net/Uri;,system-api,test-api
Landroid/provider/MediaStore;->runIdleMaintenance(Landroid/content/ContentResolver;)V
Landroid/provider/MediaStore;->scanFile(Landroid/content/ContentResolver;Ljava/io/File;)Landroid/net/Uri;,system-api,test-api
Landroid/provider/MediaStore;->scanVolume(Landroid/content/ContentResolver;Ljava/lang/String;)V,system-api,test-api
Landroid/provider/MediaStore;->setIncludePending(Landroid/net/Uri$Builder;)Landroid/net/Uri$Builder;
Landroid/provider/MediaStore;->setIncludePending(Landroid/net/Uri;)Landroid/net/Uri;,public-api,system-api,test-api
Landroid/provider/MediaStore;->setRequireOriginal(Landroid/net/Uri;)Landroid/net/Uri;,public-api,system-api,test-api
Landroid/provider/MediaStore;->startLegacyMigration(Landroid/content/ContentResolver;Ljava/lang/String;)V
Landroid/provider/MediaStore;->verifyUrisBelongToSingleUserId(Ljava/util/List;)V
Landroid/provider/MediaStore;->waitForIdle(Landroid/content/ContentResolver;)V,system-api,test-api
