Landroid/media/ApplicationMediaCapabilities$1;->createFromParcel(Landroid/os/Parcel;)Ljava/lang/Object;,public-api,sdk,system-api,test-api
Landroid/media/ApplicationMediaCapabilities$1;->newArray(I)[Ljava/lang/Object;,public-api,sdk,system-api,test-api
Landroid/media/ApplicationMediaCapabilities$Builder;-><init>()V,public-api,sdk,system-api,test-api
Landroid/media/ApplicationMediaCapabilities$Builder;->addSupportedHdrType(Ljava/lang/String;)Landroid/media/ApplicationMediaCapabilities$Builder;,public-api,sdk,system-api,test-api
Landroid/media/ApplicationMediaCapabilities$Builder;->addSupportedVideoMimeType(Ljava/lang/String;)Landroid/media/ApplicationMediaCapabilities$Builder;,public-api,sdk,system-api,test-api
Landroid/media/ApplicationMediaCapabilities$Builder;->addUnsupportedHdrType(Ljava/lang/String;)Landroid/media/ApplicationMediaCapabilities$Builder;,public-api,sdk,system-api,test-api
Landroid/media/ApplicationMediaCapabilities$Builder;->addUnsupportedVideoMimeType(Ljava/lang/String;)Landroid/media/ApplicationMediaCapabilities$Builder;,public-api,sdk,system-api,test-api
Landroid/media/ApplicationMediaCapabilities$Builder;->build()Landroid/media/ApplicationMediaCapabilities;,public-api,sdk,system-api,test-api
Landroid/media/ApplicationMediaCapabilities;->CREATOR:Landroid/os/Parcelable$Creator;,public-api,sdk,system-api,test-api
Landroid/media/ApplicationMediaCapabilities;->createFromXml(Lorg/xmlpull/v1/XmlPullParser;)Landroid/media/ApplicationMediaCapabilities;,public-api,sdk,system-api,test-api
Landroid/media/ApplicationMediaCapabilities;->describeContents()I,public-api,sdk,system-api,test-api
Landroid/media/ApplicationMediaCapabilities;->getSupportedHdrTypes()Ljava/util/List;,public-api,sdk,system-api,test-api
Landroid/media/ApplicationMediaCapabilities;->getSupportedVideoMimeTypes()Ljava/util/List;,public-api,sdk,system-api,test-api
Landroid/media/ApplicationMediaCapabilities;->getUnsupportedHdrTypes()Ljava/util/List;,public-api,sdk,system-api,test-api
Landroid/media/ApplicationMediaCapabilities;->getUnsupportedVideoMimeTypes()Ljava/util/List;,public-api,sdk,system-api,test-api
Landroid/media/ApplicationMediaCapabilities;->isFormatSpecified(Ljava/lang/String;)Z,public-api,sdk,system-api,test-api
Landroid/media/ApplicationMediaCapabilities;->isHdrTypeSupported(Ljava/lang/String;)Z,public-api,sdk,system-api,test-api
Landroid/media/ApplicationMediaCapabilities;->isVideoMimeTypeSupported(Ljava/lang/String;)Z,public-api,sdk,system-api,test-api
Landroid/media/ApplicationMediaCapabilities;->toString()Ljava/lang/String;,core-platform-api,public-api,sdk,system-api,test-api
Landroid/media/ApplicationMediaCapabilities;->writeToParcel(Landroid/os/Parcel;I)V,public-api,sdk,system-api,test-api
Landroid/media/BaseMediaParceledListSlice$1;->onTransact(ILandroid/os/Parcel;Landroid/os/Parcel;I)Z,public-api,sdk,system-api,test-api
Landroid/media/BaseMediaParceledListSlice;->writeToParcel(Landroid/os/Parcel;I)V,public-api,sdk,system-api,test-api
Landroid/media/Controller2Link$1;->createFromParcel(Landroid/os/Parcel;)Ljava/lang/Object;,public-api,sdk,system-api,test-api
Landroid/media/Controller2Link$1;->newArray(I)[Ljava/lang/Object;,public-api,sdk,system-api,test-api
Landroid/media/Controller2Link;->describeContents()I,public-api,sdk,system-api,test-api
Landroid/media/Controller2Link;->equals(Ljava/lang/Object;)Z,core-platform-api,public-api,sdk,system-api,test-api
Landroid/media/Controller2Link;->hashCode()I,core-platform-api,public-api,sdk,system-api,test-api
Landroid/media/Controller2Link;->writeToParcel(Landroid/os/Parcel;I)V,public-api,sdk,system-api,test-api
Landroid/media/IMediaCommunicationService$Default;->asBinder()Landroid/os/IBinder;,public-api,sdk,system-api,test-api
Landroid/media/IMediaCommunicationService$Stub$Proxy;->asBinder()Landroid/os/IBinder;,public-api,sdk,system-api,test-api
Landroid/media/IMediaCommunicationService$Stub;->asBinder()Landroid/os/IBinder;,public-api,sdk,system-api,test-api
Landroid/media/IMediaCommunicationService$Stub;->onTransact(ILandroid/os/Parcel;Landroid/os/Parcel;I)Z,public-api,sdk,system-api,test-api
Landroid/media/IMediaCommunicationServiceCallback$Default;->asBinder()Landroid/os/IBinder;,public-api,sdk,system-api,test-api
Landroid/media/IMediaCommunicationServiceCallback$Stub$Proxy;->asBinder()Landroid/os/IBinder;,public-api,sdk,system-api,test-api
Landroid/media/IMediaCommunicationServiceCallback$Stub;->asBinder()Landroid/os/IBinder;,public-api,sdk,system-api,test-api
Landroid/media/IMediaCommunicationServiceCallback$Stub;->onTransact(ILandroid/os/Parcel;Landroid/os/Parcel;I)Z,public-api,sdk,system-api,test-api
Landroid/media/IMediaController2$Default;->asBinder()Landroid/os/IBinder;,public-api,sdk,system-api,test-api
Landroid/media/IMediaController2$Stub$Proxy;->asBinder()Landroid/os/IBinder;,public-api,sdk,system-api,test-api
Landroid/media/IMediaController2$Stub;->asBinder()Landroid/os/IBinder;,public-api,sdk,system-api,test-api
Landroid/media/IMediaController2$Stub;->onTransact(ILandroid/os/Parcel;Landroid/os/Parcel;I)Z,public-api,sdk,system-api,test-api
Landroid/media/IMediaSession2$Default;->asBinder()Landroid/os/IBinder;,public-api,sdk,system-api,test-api
Landroid/media/IMediaSession2$Stub$Proxy;->asBinder()Landroid/os/IBinder;,public-api,sdk,system-api,test-api
Landroid/media/IMediaSession2$Stub;->asBinder()Landroid/os/IBinder;,public-api,sdk,system-api,test-api
Landroid/media/IMediaSession2$Stub;->onTransact(ILandroid/os/Parcel;Landroid/os/Parcel;I)Z,public-api,sdk,system-api,test-api
Landroid/media/IMediaSession2Service$Default;->asBinder()Landroid/os/IBinder;,public-api,sdk,system-api,test-api
Landroid/media/IMediaSession2Service$Stub$Proxy;->asBinder()Landroid/os/IBinder;,public-api,sdk,system-api,test-api
Landroid/media/IMediaSession2Service$Stub;->asBinder()Landroid/os/IBinder;,public-api,sdk,system-api,test-api
Landroid/media/IMediaSession2Service$Stub;->onTransact(ILandroid/os/Parcel;Landroid/os/Parcel;I)Z,public-api,sdk,system-api,test-api
Landroid/media/IMediaTranscodingService$Default;->asBinder()Landroid/os/IBinder;,public-api,sdk,system-api,test-api
Landroid/media/IMediaTranscodingService$Stub$Proxy;->asBinder()Landroid/os/IBinder;,public-api,sdk,system-api,test-api
Landroid/media/IMediaTranscodingService$Stub;->asBinder()Landroid/os/IBinder;,public-api,sdk,system-api,test-api
Landroid/media/IMediaTranscodingService$Stub;->onTransact(ILandroid/os/Parcel;Landroid/os/Parcel;I)Z,public-api,sdk,system-api,test-api
Landroid/media/ITranscodingClient$Default;->asBinder()Landroid/os/IBinder;,public-api,sdk,system-api,test-api
Landroid/media/ITranscodingClient$Stub$Proxy;->asBinder()Landroid/os/IBinder;,public-api,sdk,system-api,test-api
Landroid/media/ITranscodingClient$Stub;->asBinder()Landroid/os/IBinder;,public-api,sdk,system-api,test-api
Landroid/media/ITranscodingClient$Stub;->onTransact(ILandroid/os/Parcel;Landroid/os/Parcel;I)Z,public-api,sdk,system-api,test-api
Landroid/media/ITranscodingClientCallback$Default;->asBinder()Landroid/os/IBinder;,public-api,sdk,system-api,test-api
Landroid/media/ITranscodingClientCallback$Stub$Proxy;->asBinder()Landroid/os/IBinder;,public-api,sdk,system-api,test-api
Landroid/media/ITranscodingClientCallback$Stub;->asBinder()Landroid/os/IBinder;,public-api,sdk,system-api,test-api
Landroid/media/ITranscodingClientCallback$Stub;->onTransact(ILandroid/os/Parcel;Landroid/os/Parcel;I)Z,public-api,sdk,system-api,test-api
Landroid/media/MediaCommunicationManager$MediaCommunicationServiceCallbackStub$$ExternalSyntheticLambda0;->run()V,core-platform-api,public-api,sdk,system-api,test-api
Landroid/media/MediaCommunicationManager$MediaCommunicationServiceCallbackStub$$ExternalSyntheticLambda1;->run()V,core-platform-api,public-api,sdk,system-api,test-api
Landroid/media/MediaCommunicationManager$SessionCallbackRecord;->equals(Ljava/lang/Object;)Z,core-platform-api,public-api,sdk,system-api,test-api
Landroid/media/MediaCommunicationManager$SessionCallbackRecord;->hashCode()I,core-platform-api,public-api,sdk,system-api,test-api
Landroid/media/MediaCommunicationManager;->getSession2Tokens()Ljava/util/List;,public-api,sdk,system-api,test-api
Landroid/media/MediaCommunicationManager;->getVersion()I,public-api,sdk,system-api,test-api
Landroid/media/MediaController2$$ExternalSyntheticLambda0;->run()V,core-platform-api,public-api,sdk,system-api,test-api
Landroid/media/MediaController2$$ExternalSyntheticLambda1;->binderDied()V,public-api,sdk,system-api,test-api
Landroid/media/MediaController2$$ExternalSyntheticLambda2;->run()V,core-platform-api,public-api,sdk,system-api,test-api
Landroid/media/MediaController2$$ExternalSyntheticLambda3;->run()V,core-platform-api,public-api,sdk,system-api,test-api
Landroid/media/MediaController2$$ExternalSyntheticLambda4;->run()V,core-platform-api,public-api,sdk,system-api,test-api
Landroid/media/MediaController2$2$$ExternalSyntheticLambda0;->run()V,core-platform-api,public-api,sdk,system-api,test-api
Landroid/media/MediaController2$2;->onReceiveResult(ILandroid/os/Bundle;)V,public-api,sdk,system-api,test-api
Landroid/media/MediaController2$Builder;-><init>(Landroid/content/Context;Landroid/media/Session2Token;)V,public-api,sdk,system-api,test-api
Landroid/media/MediaController2$Builder;->build()Landroid/media/MediaController2;,public-api,sdk,system-api,test-api
Landroid/media/MediaController2$Builder;->setConnectionHints(Landroid/os/Bundle;)Landroid/media/MediaController2$Builder;,public-api,sdk,system-api,test-api
Landroid/media/MediaController2$Builder;->setControllerCallback(Ljava/util/concurrent/Executor;Landroid/media/MediaController2$ControllerCallback;)Landroid/media/MediaController2$Builder;,public-api,sdk,system-api,test-api
Landroid/media/MediaController2$ControllerCallback;-><init>()V,public-api,sdk,system-api,test-api
Landroid/media/MediaController2$ControllerCallback;->onCommandResult(Landroid/media/MediaController2;Ljava/lang/Object;Landroid/media/Session2Command;Landroid/media/Session2Command$Result;)V,public-api,sdk,system-api,test-api
Landroid/media/MediaController2$ControllerCallback;->onConnected(Landroid/media/MediaController2;Landroid/media/Session2CommandGroup;)V,public-api,sdk,system-api,test-api
Landroid/media/MediaController2$ControllerCallback;->onDisconnected(Landroid/media/MediaController2;)V,public-api,sdk,system-api,test-api
Landroid/media/MediaController2$ControllerCallback;->onPlaybackActiveChanged(Landroid/media/MediaController2;Z)V,public-api,sdk,system-api,test-api
Landroid/media/MediaController2$ControllerCallback;->onSessionCommand(Landroid/media/MediaController2;Landroid/media/Session2Command;Landroid/os/Bundle;)Landroid/media/Session2Command$Result;,public-api,sdk,system-api,test-api
Landroid/media/MediaController2$SessionServiceConnection;->onBindingDied(Landroid/content/ComponentName;)V,public-api,sdk,system-api,test-api
Landroid/media/MediaController2$SessionServiceConnection;->onServiceConnected(Landroid/content/ComponentName;Landroid/os/IBinder;)V,public-api,sdk,system-api,test-api
Landroid/media/MediaController2$SessionServiceConnection;->onServiceDisconnected(Landroid/content/ComponentName;)V,public-api,sdk,system-api,test-api
Landroid/media/MediaController2;->cancelSessionCommand(Ljava/lang/Object;)V,public-api,sdk,system-api,test-api
Landroid/media/MediaController2;->close()V,core-platform-api,public-api,sdk,system-api,test-api
Landroid/media/MediaController2;->getConnectedToken()Landroid/media/Session2Token;,public-api,sdk,system-api,test-api
Landroid/media/MediaController2;->isPlaybackActive()Z,public-api,sdk,system-api,test-api
Landroid/media/MediaController2;->sendSessionCommand(Landroid/media/Session2Command;Landroid/os/Bundle;)Ljava/lang/Object;,public-api,sdk,system-api,test-api
Landroid/media/MediaFeature$HdrType;->DOLBY_VISION:Ljava/lang/String;,public-api,sdk,system-api,test-api
Landroid/media/MediaFeature$HdrType;->HDR10:Ljava/lang/String;,public-api,sdk,system-api,test-api
Landroid/media/MediaFeature$HdrType;->HDR10_PLUS:Ljava/lang/String;,public-api,sdk,system-api,test-api
Landroid/media/MediaFeature$HdrType;->HLG:Ljava/lang/String;,public-api,sdk,system-api,test-api
Landroid/media/MediaFeature;-><init>()V,public-api,sdk,system-api,test-api
Landroid/media/MediaFrameworkInitializer$$ExternalSyntheticLambda0;->createService(Landroid/content/Context;)Ljava/lang/Object;,sdk,system-api,test-api
Landroid/media/MediaFrameworkInitializer$$ExternalSyntheticLambda1;->createService(Landroid/content/Context;)Ljava/lang/Object;,sdk,system-api,test-api
Landroid/media/MediaParceledListSlice$1;->createFromParcel(Landroid/os/Parcel;)Ljava/lang/Object;,public-api,sdk,system-api,test-api
Landroid/media/MediaParceledListSlice$1;->createFromParcel(Landroid/os/Parcel;Ljava/lang/ClassLoader;)Ljava/lang/Object;,public-api,sdk,system-api,test-api
Landroid/media/MediaParceledListSlice$1;->newArray(I)[Ljava/lang/Object;,public-api,sdk,system-api,test-api
Landroid/media/MediaParceledListSlice;->describeContents()I,public-api,sdk,system-api,test-api
Landroid/media/MediaParceledListSlice;->writeToParcel(Landroid/os/Parcel;I)V,public-api,sdk,system-api,test-api
Landroid/media/MediaParser$$ExternalSyntheticLambda16;->apply(Ljava/lang/Object;)Ljava/lang/Object;,core-platform-api,public-api,sdk,system-api,test-api
Landroid/media/MediaParser$$ExternalSyntheticLambda17;->apply(Ljava/lang/Object;)Ljava/lang/Object;,core-platform-api,public-api,sdk,system-api,test-api
Landroid/media/MediaParser$$ExternalSyntheticLambda5;->apply(Ljava/lang/Object;)Ljava/lang/Object;,core-platform-api,public-api,sdk,system-api,test-api
Landroid/media/MediaParser$$ExternalSyntheticLambda6;->apply(Ljava/lang/Object;Ljava/lang/Object;)Ljava/lang/Object;,core-platform-api,public-api,sdk,system-api,test-api
Landroid/media/MediaParser$DataReaderAdapter;->getLength()J,public-api,sdk,system-api,test-api
Landroid/media/MediaParser$DataReaderAdapter;->getPosition()J,public-api,sdk,system-api,test-api
Landroid/media/MediaParser$DataReaderAdapter;->read([BII)I,public-api,sdk,system-api,test-api
Landroid/media/MediaParser$InputReader;->getLength()J,public-api,sdk,system-api,test-api
Landroid/media/MediaParser$InputReader;->getPosition()J,public-api,sdk,system-api,test-api
Landroid/media/MediaParser$InputReader;->read([BII)I,public-api,sdk,system-api,test-api
Landroid/media/MediaParser$MediaParserDrmInitData;->get(Ljava/util/UUID;)Landroid/media/DrmInitData$SchemeInitData;,public-api,sdk,system-api,test-api
Landroid/media/MediaParser$MediaParserDrmInitData;->getSchemeInitDataAt(I)Landroid/media/DrmInitData$SchemeInitData;,public-api,sdk,system-api,test-api
Landroid/media/MediaParser$MediaParserDrmInitData;->getSchemeInitDataCount()I,public-api,sdk,system-api,test-api
Landroid/media/MediaParser$OutputConsumer;->onSampleCompleted(IJIIILandroid/media/MediaCodec$CryptoInfo;)V,public-api,sdk,system-api,test-api
Landroid/media/MediaParser$OutputConsumer;->onSampleDataFound(ILandroid/media/MediaParser$InputReader;)V,public-api,sdk,system-api,test-api
Landroid/media/MediaParser$OutputConsumer;->onSeekMapFound(Landroid/media/MediaParser$SeekMap;)V,public-api,sdk,system-api,test-api
Landroid/media/MediaParser$OutputConsumer;->onTrackCountFound(I)V,public-api,sdk,system-api,test-api
Landroid/media/MediaParser$OutputConsumer;->onTrackDataFound(ILandroid/media/MediaParser$TrackData;)V,public-api,sdk,system-api,test-api
Landroid/media/MediaParser$ParsableByteArrayAdapter;->getLength()J,public-api,sdk,system-api,test-api
Landroid/media/MediaParser$ParsableByteArrayAdapter;->getPosition()J,public-api,sdk,system-api,test-api
Landroid/media/MediaParser$ParsableByteArrayAdapter;->read([BII)I,public-api,sdk,system-api,test-api
Landroid/media/MediaParser$SeekMap;->UNKNOWN_DURATION:I,public-api,sdk,system-api,test-api
Landroid/media/MediaParser$SeekMap;->getDurationMicros()J,public-api,sdk,system-api,test-api
Landroid/media/MediaParser$SeekMap;->getSeekPoints(J)Landroid/util/Pair;,public-api,sdk,system-api,test-api
Landroid/media/MediaParser$SeekMap;->isSeekable()Z,public-api,sdk,system-api,test-api
Landroid/media/MediaParser$SeekPoint;->START:Landroid/media/MediaParser$SeekPoint;,public-api,sdk,system-api,test-api
Landroid/media/MediaParser$SeekPoint;->equals(Ljava/lang/Object;)Z,core-platform-api,public-api,sdk,system-api,test-api
Landroid/media/MediaParser$SeekPoint;->hashCode()I,core-platform-api,public-api,sdk,system-api,test-api
Landroid/media/MediaParser$SeekPoint;->position:J,public-api,sdk,system-api,test-api
Landroid/media/MediaParser$SeekPoint;->timeMicros:J,public-api,sdk,system-api,test-api
Landroid/media/MediaParser$SeekPoint;->toString()Ljava/lang/String;,core-platform-api,public-api,sdk,system-api,test-api
Landroid/media/MediaParser$SeekableInputReader;->seekToPosition(J)V,public-api,sdk,system-api,test-api
Landroid/media/MediaParser$TrackData;->drmInitData:Landroid/media/DrmInitData;,public-api,sdk,system-api,test-api
Landroid/media/MediaParser$TrackData;->mediaFormat:Landroid/media/MediaFormat;,public-api,sdk,system-api,test-api
Landroid/media/MediaParser;->PARAMETER_ADTS_ENABLE_CBR_SEEKING:Ljava/lang/String;,public-api,sdk,system-api,test-api
Landroid/media/MediaParser;->PARAMETER_AMR_ENABLE_CBR_SEEKING:Ljava/lang/String;,public-api,sdk,system-api,test-api
Landroid/media/MediaParser;->PARAMETER_FLAC_DISABLE_ID3:Ljava/lang/String;,public-api,sdk,system-api,test-api
Landroid/media/MediaParser;->PARAMETER_MATROSKA_DISABLE_CUES_SEEKING:Ljava/lang/String;,public-api,sdk,system-api,test-api
Landroid/media/MediaParser;->PARAMETER_MP3_DISABLE_ID3:Ljava/lang/String;,public-api,sdk,system-api,test-api
Landroid/media/MediaParser;->PARAMETER_MP3_ENABLE_CBR_SEEKING:Ljava/lang/String;,public-api,sdk,system-api,test-api
Landroid/media/MediaParser;->PARAMETER_MP3_ENABLE_INDEX_SEEKING:Ljava/lang/String;,public-api,sdk,system-api,test-api
Landroid/media/MediaParser;->PARAMETER_MP4_IGNORE_EDIT_LISTS:Ljava/lang/String;,public-api,sdk,system-api,test-api
Landroid/media/MediaParser;->PARAMETER_MP4_IGNORE_TFDT_BOX:Ljava/lang/String;,public-api,sdk,system-api,test-api
Landroid/media/MediaParser;->PARAMETER_MP4_TREAT_VIDEO_FRAMES_AS_KEYFRAMES:Ljava/lang/String;,public-api,sdk,system-api,test-api
Landroid/media/MediaParser;->PARAMETER_TS_ALLOW_NON_IDR_AVC_KEYFRAMES:Ljava/lang/String;,public-api,sdk,system-api,test-api
Landroid/media/MediaParser;->PARAMETER_TS_DETECT_ACCESS_UNITS:Ljava/lang/String;,public-api,sdk,system-api,test-api
Landroid/media/MediaParser;->PARAMETER_TS_ENABLE_HDMV_DTS_AUDIO_STREAMS:Ljava/lang/String;,public-api,sdk,system-api,test-api
Landroid/media/MediaParser;->PARAMETER_TS_IGNORE_AAC_STREAM:Ljava/lang/String;,public-api,sdk,system-api,test-api
Landroid/media/MediaParser;->PARAMETER_TS_IGNORE_AVC_STREAM:Ljava/lang/String;,public-api,sdk,system-api,test-api
Landroid/media/MediaParser;->PARAMETER_TS_IGNORE_SPLICE_INFO_STREAM:Ljava/lang/String;,public-api,sdk,system-api,test-api
Landroid/media/MediaParser;->PARAMETER_TS_MODE:Ljava/lang/String;,public-api,sdk,system-api,test-api
Landroid/media/MediaParser;->PARSER_NAME_AC3:Ljava/lang/String;,public-api,sdk,system-api,test-api
Landroid/media/MediaParser;->PARSER_NAME_AC4:Ljava/lang/String;,public-api,sdk,system-api,test-api
Landroid/media/MediaParser;->PARSER_NAME_ADTS:Ljava/lang/String;,public-api,sdk,system-api,test-api
Landroid/media/MediaParser;->PARSER_NAME_AMR:Ljava/lang/String;,public-api,sdk,system-api,test-api
Landroid/media/MediaParser;->PARSER_NAME_FLAC:Ljava/lang/String;,public-api,sdk,system-api,test-api
Landroid/media/MediaParser;->PARSER_NAME_FLV:Ljava/lang/String;,public-api,sdk,system-api,test-api
Landroid/media/MediaParser;->PARSER_NAME_FMP4:Ljava/lang/String;,public-api,sdk,system-api,test-api
Landroid/media/MediaParser;->PARSER_NAME_MATROSKA:Ljava/lang/String;,public-api,sdk,system-api,test-api
Landroid/media/MediaParser;->PARSER_NAME_MP3:Ljava/lang/String;,public-api,sdk,system-api,test-api
Landroid/media/MediaParser;->PARSER_NAME_MP4:Ljava/lang/String;,public-api,sdk,system-api,test-api
Landroid/media/MediaParser;->PARSER_NAME_OGG:Ljava/lang/String;,public-api,sdk,system-api,test-api
Landroid/media/MediaParser;->PARSER_NAME_PS:Ljava/lang/String;,public-api,sdk,system-api,test-api
Landroid/media/MediaParser;->PARSER_NAME_TS:Ljava/lang/String;,public-api,sdk,system-api,test-api
Landroid/media/MediaParser;->PARSER_NAME_UNKNOWN:Ljava/lang/String;,public-api,sdk,system-api,test-api
Landroid/media/MediaParser;->PARSER_NAME_WAV:Ljava/lang/String;,public-api,sdk,system-api,test-api
Landroid/media/MediaParser;->SAMPLE_FLAG_DECODE_ONLY:I,public-api,sdk,system-api,test-api
Landroid/media/MediaParser;->SAMPLE_FLAG_ENCRYPTED:I,public-api,sdk,system-api,test-api
Landroid/media/MediaParser;->SAMPLE_FLAG_HAS_SUPPLEMENTAL_DATA:I,public-api,sdk,system-api,test-api
Landroid/media/MediaParser;->SAMPLE_FLAG_KEY_FRAME:I,public-api,sdk,system-api,test-api
Landroid/media/MediaParser;->SAMPLE_FLAG_LAST_SAMPLE:I,public-api,sdk,system-api,test-api
Landroid/media/MediaParser;->advance(Landroid/media/MediaParser$SeekableInputReader;)Z,public-api,sdk,system-api,test-api
Landroid/media/MediaParser;->create(Landroid/media/MediaParser$OutputConsumer;[Ljava/lang/String;)Landroid/media/MediaParser;,public-api,sdk,system-api,test-api
Landroid/media/MediaParser;->createByName(Ljava/lang/String;Landroid/media/MediaParser$OutputConsumer;)Landroid/media/MediaParser;,public-api,sdk,system-api,test-api
Landroid/media/MediaParser;->getLogSessionId()Landroid/media/metrics/LogSessionId;,public-api,sdk,system-api,test-api
Landroid/media/MediaParser;->getParserName()Ljava/lang/String;,public-api,sdk,system-api,test-api
Landroid/media/MediaParser;->getParserNames(Landroid/media/MediaFormat;)Ljava/util/List;,public-api,sdk,system-api,test-api
Landroid/media/MediaParser;->release()V,public-api,sdk,system-api,test-api
Landroid/media/MediaParser;->seek(Landroid/media/MediaParser$SeekPoint;)V,public-api,sdk,system-api,test-api
Landroid/media/MediaParser;->setLogSessionId(Landroid/media/metrics/LogSessionId;)V,public-api,sdk,system-api,test-api
Landroid/media/MediaParser;->setParameter(Ljava/lang/String;Ljava/lang/Object;)Landroid/media/MediaParser;,public-api,sdk,system-api,test-api
Landroid/media/MediaParser;->supportsParameter(Ljava/lang/String;)Z,public-api,sdk,system-api,test-api
Landroid/media/MediaSession2$$ExternalSyntheticLambda0;->run()V,core-platform-api,public-api,sdk,system-api,test-api
Landroid/media/MediaSession2$$ExternalSyntheticLambda1;->run()V,core-platform-api,public-api,sdk,system-api,test-api
Landroid/media/MediaSession2$$ExternalSyntheticLambda2;->run()V,core-platform-api,public-api,sdk,system-api,test-api
Landroid/media/MediaSession2$1$$ExternalSyntheticLambda0;->run()V,core-platform-api,public-api,sdk,system-api,test-api
Landroid/media/MediaSession2$1;->onReceiveResult(ILandroid/os/Bundle;)V,public-api,sdk,system-api,test-api
Landroid/media/MediaSession2$Builder;-><init>(Landroid/content/Context;)V,public-api,sdk,system-api,test-api
Landroid/media/MediaSession2$Builder;->build()Landroid/media/MediaSession2;,public-api,sdk,system-api,test-api
Landroid/media/MediaSession2$Builder;->setExtras(Landroid/os/Bundle;)Landroid/media/MediaSession2$Builder;,public-api,sdk,system-api,test-api
Landroid/media/MediaSession2$Builder;->setId(Ljava/lang/String;)Landroid/media/MediaSession2$Builder;,public-api,sdk,system-api,test-api
Landroid/media/MediaSession2$Builder;->setSessionActivity(Landroid/app/PendingIntent;)Landroid/media/MediaSession2$Builder;,public-api,sdk,system-api,test-api
Landroid/media/MediaSession2$Builder;->setSessionCallback(Ljava/util/concurrent/Executor;Landroid/media/MediaSession2$SessionCallback;)Landroid/media/MediaSession2$Builder;,public-api,sdk,system-api,test-api
Landroid/media/MediaSession2$ControllerInfo;->equals(Ljava/lang/Object;)Z,core-platform-api,public-api,sdk,system-api,test-api
Landroid/media/MediaSession2$ControllerInfo;->getConnectionHints()Landroid/os/Bundle;,public-api,sdk,system-api,test-api
Landroid/media/MediaSession2$ControllerInfo;->getPackageName()Ljava/lang/String;,public-api,sdk,system-api,test-api
Landroid/media/MediaSession2$ControllerInfo;->getRemoteUserInfo()Landroid/media/session/MediaSessionManager$RemoteUserInfo;,public-api,sdk,system-api,test-api
Landroid/media/MediaSession2$ControllerInfo;->getUid()I,public-api,sdk,system-api,test-api
Landroid/media/MediaSession2$ControllerInfo;->hashCode()I,core-platform-api,public-api,sdk,system-api,test-api
Landroid/media/MediaSession2$ControllerInfo;->isTrusted()Z,lo-prio,max-target-o
Landroid/media/MediaSession2$ControllerInfo;->toString()Ljava/lang/String;,core-platform-api,public-api,sdk,system-api,test-api
Landroid/media/MediaSession2$SessionCallback;-><init>()V,public-api,sdk,system-api,test-api
Landroid/media/MediaSession2$SessionCallback;->onCommandResult(Landroid/media/MediaSession2;Landroid/media/MediaSession2$ControllerInfo;Ljava/lang/Object;Landroid/media/Session2Command;Landroid/media/Session2Command$Result;)V,public-api,sdk,system-api,test-api
Landroid/media/MediaSession2$SessionCallback;->onConnect(Landroid/media/MediaSession2;Landroid/media/MediaSession2$ControllerInfo;)Landroid/media/Session2CommandGroup;,public-api,sdk,system-api,test-api
Landroid/media/MediaSession2$SessionCallback;->onDisconnected(Landroid/media/MediaSession2;Landroid/media/MediaSession2$ControllerInfo;)V,public-api,sdk,system-api,test-api
Landroid/media/MediaSession2$SessionCallback;->onPostConnect(Landroid/media/MediaSession2;Landroid/media/MediaSession2$ControllerInfo;)V,public-api,sdk,system-api,test-api
Landroid/media/MediaSession2$SessionCallback;->onSessionCommand(Landroid/media/MediaSession2;Landroid/media/MediaSession2$ControllerInfo;Landroid/media/Session2Command;Landroid/os/Bundle;)Landroid/media/Session2Command$Result;,public-api,sdk,system-api,test-api
Landroid/media/MediaSession2;->broadcastSessionCommand(Landroid/media/Session2Command;Landroid/os/Bundle;)V,public-api,sdk,system-api,test-api
Landroid/media/MediaSession2;->cancelSessionCommand(Landroid/media/MediaSession2$ControllerInfo;Ljava/lang/Object;)V,public-api,sdk,system-api,test-api
Landroid/media/MediaSession2;->close()V,core-platform-api,public-api,sdk,system-api,test-api
Landroid/media/MediaSession2;->getConnectedControllers()Ljava/util/List;,public-api,sdk,system-api,test-api
Landroid/media/MediaSession2;->getId()Ljava/lang/String;,public-api,sdk,system-api,test-api
Landroid/media/MediaSession2;->getToken()Landroid/media/Session2Token;,public-api,sdk,system-api,test-api
Landroid/media/MediaSession2;->isPlaybackActive()Z,public-api,sdk,system-api,test-api
Landroid/media/MediaSession2;->sendSessionCommand(Landroid/media/MediaSession2$ControllerInfo;Landroid/media/Session2Command;Landroid/os/Bundle;)Ljava/lang/Object;,public-api,sdk,system-api,test-api
Landroid/media/MediaSession2;->setPlaybackActive(Z)V,public-api,sdk,system-api,test-api
Landroid/media/MediaSession2Service$MediaNotification;-><init>(ILandroid/app/Notification;)V,public-api,sdk,system-api,test-api
Landroid/media/MediaSession2Service$MediaNotification;->getNotification()Landroid/app/Notification;,public-api,sdk,system-api,test-api
Landroid/media/MediaSession2Service$MediaNotification;->getNotificationId()I,public-api,sdk,system-api,test-api
Landroid/media/MediaSession2Service$MediaSession2ServiceStub$$ExternalSyntheticLambda0;->run()V,core-platform-api,public-api,sdk,system-api,test-api
Landroid/media/MediaSession2Service$MediaSession2ServiceStub;->close()V,core-platform-api,public-api,sdk,system-api,test-api
Landroid/media/MediaSession2Service;-><init>()V,public-api,sdk,system-api,test-api
Landroid/media/MediaSession2Service;->SERVICE_INTERFACE:Ljava/lang/String;,public-api,sdk,system-api,test-api
Landroid/media/MediaSession2Service;->addSession(Landroid/media/MediaSession2;)V,public-api,sdk,system-api,test-api
Landroid/media/MediaSession2Service;->getSessions()Ljava/util/List;,public-api,sdk,system-api,test-api
Landroid/media/MediaSession2Service;->onBind(Landroid/content/Intent;)Landroid/os/IBinder;,public-api,sdk,system-api,test-api
Landroid/media/MediaSession2Service;->onCreate()V,public-api,sdk,system-api,test-api
Landroid/media/MediaSession2Service;->onDestroy()V,public-api,sdk,system-api,test-api
Landroid/media/MediaSession2Service;->onGetSession(Landroid/media/MediaSession2$ControllerInfo;)Landroid/media/MediaSession2;,public-api,sdk,system-api,test-api
Landroid/media/MediaSession2Service;->onUpdateNotification(Landroid/media/MediaSession2;)Landroid/media/MediaSession2Service$MediaNotification;,public-api,sdk,system-api,test-api
Landroid/media/MediaSession2Service;->removeSession(Landroid/media/MediaSession2;)V,public-api,sdk,system-api,test-api
Landroid/media/MediaTranscodingManager$$ExternalSyntheticLambda0;->binderDied()V,public-api,sdk,system-api,test-api
Landroid/media/MediaTranscodingManager$$ExternalSyntheticLambda1;->run()V,core-platform-api,public-api,sdk,system-api,test-api
Landroid/media/MediaTranscodingManager$$ExternalSyntheticLambda2;->run()V,core-platform-api,public-api,sdk,system-api,test-api
Landroid/media/MediaTranscodingManager$$ExternalSyntheticLambda3;->run()V,core-platform-api,public-api,sdk,system-api,test-api
Landroid/media/MediaTranscodingManager$$ExternalSyntheticLambda4;->run()V,core-platform-api,public-api,sdk,system-api,test-api
Landroid/media/MediaTranscodingManager$$ExternalSyntheticLambda5;->run()V,core-platform-api,public-api,sdk,system-api,test-api
Landroid/media/MediaTranscodingManager$OnTranscodingFinishedListener;->onTranscodingFinished(Landroid/media/MediaTranscodingManager$TranscodingSession;)V,sdk,system-api,test-api
Landroid/media/MediaTranscodingManager$TranscodingRequest$VideoFormatResolver;-><init>(Landroid/media/ApplicationMediaCapabilities;Landroid/media/MediaFormat;)V,sdk,system-api,test-api
Landroid/media/MediaTranscodingManager$TranscodingRequest$VideoFormatResolver;->resolveVideoFormat()Landroid/media/MediaFormat;,sdk,system-api,test-api
Landroid/media/MediaTranscodingManager$TranscodingRequest$VideoFormatResolver;->shouldTranscode()Z,sdk,system-api,test-api
Landroid/media/MediaTranscodingManager$TranscodingRequest;->getClientPid()I,sdk,system-api,test-api
Landroid/media/MediaTranscodingManager$TranscodingRequest;->getClientUid()I,sdk,system-api,test-api
Landroid/media/MediaTranscodingManager$TranscodingRequest;->getDestinationFileDescriptor()Landroid/os/ParcelFileDescriptor;,sdk,system-api,test-api
Landroid/media/MediaTranscodingManager$TranscodingRequest;->getDestinationUri()Landroid/net/Uri;,sdk,system-api,test-api
Landroid/media/MediaTranscodingManager$TranscodingRequest;->getSourceFileDescriptor()Landroid/os/ParcelFileDescriptor;,sdk,system-api,test-api
Landroid/media/MediaTranscodingManager$TranscodingRequest;->getSourceUri()Landroid/net/Uri;,sdk,system-api,test-api
Landroid/media/MediaTranscodingManager$TranscodingSession$$ExternalSyntheticLambda0;->run()V,core-platform-api,public-api,sdk,system-api,test-api
Landroid/media/MediaTranscodingManager$TranscodingSession$OnProgressUpdateListener;->onProgressUpdate(Landroid/media/MediaTranscodingManager$TranscodingSession;I)V,sdk,system-api,test-api
Landroid/media/MediaTranscodingManager$TranscodingSession;->ERROR_DROPPED_BY_SERVICE:I,sdk,system-api,test-api
Landroid/media/MediaTranscodingManager$TranscodingSession;->ERROR_NONE:I,sdk,system-api,test-api
Landroid/media/MediaTranscodingManager$TranscodingSession;->ERROR_SERVICE_DIED:I,sdk,system-api,test-api
Landroid/media/MediaTranscodingManager$TranscodingSession;->RESULT_CANCELED:I,sdk,system-api,test-api
Landroid/media/MediaTranscodingManager$TranscodingSession;->RESULT_ERROR:I,sdk,system-api,test-api
Landroid/media/MediaTranscodingManager$TranscodingSession;->RESULT_NONE:I,sdk,system-api,test-api
Landroid/media/MediaTranscodingManager$TranscodingSession;->RESULT_SUCCESS:I,sdk,system-api,test-api
Landroid/media/MediaTranscodingManager$TranscodingSession;->STATUS_FINISHED:I,sdk,system-api,test-api
Landroid/media/MediaTranscodingManager$TranscodingSession;->STATUS_PAUSED:I,sdk,system-api,test-api
Landroid/media/MediaTranscodingManager$TranscodingSession;->STATUS_PENDING:I,sdk,system-api,test-api
Landroid/media/MediaTranscodingManager$TranscodingSession;->STATUS_RUNNING:I,sdk,system-api,test-api
Landroid/media/MediaTranscodingManager$TranscodingSession;->addClientUid(I)Z,sdk,system-api,test-api
Landroid/media/MediaTranscodingManager$TranscodingSession;->cancel()V,sdk,system-api,test-api
Landroid/media/MediaTranscodingManager$TranscodingSession;->getClientUids()Ljava/util/List;,sdk,system-api,test-api
Landroid/media/MediaTranscodingManager$TranscodingSession;->getErrorCode()I,sdk,system-api,test-api
Landroid/media/MediaTranscodingManager$TranscodingSession;->getProgress()I,sdk,system-api,test-api
Landroid/media/MediaTranscodingManager$TranscodingSession;->getResult()I,sdk,system-api,test-api
Landroid/media/MediaTranscodingManager$TranscodingSession;->getSessionId()I,sdk,system-api,test-api
Landroid/media/MediaTranscodingManager$TranscodingSession;->getStatus()I,sdk,system-api,test-api
Landroid/media/MediaTranscodingManager$TranscodingSession;->setOnProgressUpdateListener(Ljava/util/concurrent/Executor;Landroid/media/MediaTranscodingManager$TranscodingSession$OnProgressUpdateListener;)V,sdk,system-api,test-api
Landroid/media/MediaTranscodingManager$TranscodingSession;->toString()Ljava/lang/String;,core-platform-api,public-api,sdk,system-api,test-api
Landroid/media/MediaTranscodingManager$VideoTranscodingRequest$Builder;-><init>(Landroid/net/Uri;Landroid/net/Uri;Landroid/media/MediaFormat;)V,sdk,system-api,test-api
Landroid/media/MediaTranscodingManager$VideoTranscodingRequest$Builder;->build()Landroid/media/MediaTranscodingManager$VideoTranscodingRequest;,sdk,system-api,test-api
Landroid/media/MediaTranscodingManager$VideoTranscodingRequest$Builder;->setClientPid(I)Landroid/media/MediaTranscodingManager$VideoTranscodingRequest$Builder;,sdk,system-api,test-api
Landroid/media/MediaTranscodingManager$VideoTranscodingRequest$Builder;->setClientUid(I)Landroid/media/MediaTranscodingManager$VideoTranscodingRequest$Builder;,sdk,system-api,test-api
Landroid/media/MediaTranscodingManager$VideoTranscodingRequest$Builder;->setDestinationFileDescriptor(Landroid/os/ParcelFileDescriptor;)Landroid/media/MediaTranscodingManager$VideoTranscodingRequest$Builder;,sdk,system-api,test-api
Landroid/media/MediaTranscodingManager$VideoTranscodingRequest$Builder;->setSourceFileDescriptor(Landroid/os/ParcelFileDescriptor;)Landroid/media/MediaTranscodingManager$VideoTranscodingRequest$Builder;,sdk,system-api,test-api
Landroid/media/MediaTranscodingManager$VideoTranscodingRequest;->getVideoTrackFormat()Landroid/media/MediaFormat;,sdk,system-api,test-api
Landroid/media/MediaTranscodingManager;->enqueueRequest(Landroid/media/MediaTranscodingManager$TranscodingRequest;Ljava/util/concurrent/Executor;Landroid/media/MediaTranscodingManager$OnTranscodingFinishedListener;)Landroid/media/MediaTranscodingManager$TranscodingSession;,sdk,system-api,test-api
Landroid/media/Session2Command$1;->createFromParcel(Landroid/os/Parcel;)Ljava/lang/Object;,public-api,sdk,system-api,test-api
Landroid/media/Session2Command$1;->newArray(I)[Ljava/lang/Object;,public-api,sdk,system-api,test-api
Landroid/media/Session2Command$Result;-><init>(ILandroid/os/Bundle;)V,public-api,sdk,system-api,test-api
Landroid/media/Session2Command$Result;->RESULT_ERROR_UNKNOWN_ERROR:I,public-api,sdk,system-api,test-api
Landroid/media/Session2Command$Result;->RESULT_INFO_SKIPPED:I,public-api,sdk,system-api,test-api
Landroid/media/Session2Command$Result;->RESULT_SUCCESS:I,public-api,sdk,system-api,test-api
Landroid/media/Session2Command$Result;->getResultCode()I,public-api,sdk,system-api,test-api
Landroid/media/Session2Command$Result;->getResultData()Landroid/os/Bundle;,public-api,sdk,system-api,test-api
Landroid/media/Session2Command;-><init>(I)V,public-api,sdk,system-api,test-api
Landroid/media/Session2Command;-><init>(Ljava/lang/String;Landroid/os/Bundle;)V,public-api,sdk,system-api,test-api
Landroid/media/Session2Command;->COMMAND_CODE_CUSTOM:I,public-api,sdk,system-api,test-api
Landroid/media/Session2Command;->CREATOR:Landroid/os/Parcelable$Creator;,public-api,sdk,system-api,test-api
Landroid/media/Session2Command;->describeContents()I,public-api,sdk,system-api,test-api
Landroid/media/Session2Command;->equals(Ljava/lang/Object;)Z,core-platform-api,public-api,sdk,system-api,test-api
Landroid/media/Session2Command;->getCommandCode()I,public-api,sdk,system-api,test-api
Landroid/media/Session2Command;->getCustomAction()Ljava/lang/String;,public-api,sdk,system-api,test-api
Landroid/media/Session2Command;->getCustomExtras()Landroid/os/Bundle;,public-api,sdk,system-api,test-api
Landroid/media/Session2Command;->hashCode()I,core-platform-api,public-api,sdk,system-api,test-api
Landroid/media/Session2Command;->writeToParcel(Landroid/os/Parcel;I)V,public-api,sdk,system-api,test-api
Landroid/media/Session2CommandGroup$1;->createFromParcel(Landroid/os/Parcel;)Ljava/lang/Object;,public-api,sdk,system-api,test-api
Landroid/media/Session2CommandGroup$1;->newArray(I)[Ljava/lang/Object;,public-api,sdk,system-api,test-api
Landroid/media/Session2CommandGroup$Builder;-><init>()V,public-api,sdk,system-api,test-api
Landroid/media/Session2CommandGroup$Builder;-><init>(Landroid/media/Session2CommandGroup;)V,public-api,sdk,system-api,test-api
Landroid/media/Session2CommandGroup$Builder;->addCommand(Landroid/media/Session2Command;)Landroid/media/Session2CommandGroup$Builder;,public-api,sdk,system-api,test-api
Landroid/media/Session2CommandGroup$Builder;->build()Landroid/media/Session2CommandGroup;,public-api,sdk,system-api,test-api
Landroid/media/Session2CommandGroup$Builder;->removeCommand(Landroid/media/Session2Command;)Landroid/media/Session2CommandGroup$Builder;,public-api,sdk,system-api,test-api
Landroid/media/Session2CommandGroup;->CREATOR:Landroid/os/Parcelable$Creator;,public-api,sdk,system-api,test-api
Landroid/media/Session2CommandGroup;->describeContents()I,public-api,sdk,system-api,test-api
Landroid/media/Session2CommandGroup;->getCommands()Ljava/util/Set;,public-api,sdk,system-api,test-api
Landroid/media/Session2CommandGroup;->hasCommand(I)Z,public-api,sdk,system-api,test-api
Landroid/media/Session2CommandGroup;->hasCommand(Landroid/media/Session2Command;)Z,public-api,sdk,system-api,test-api
Landroid/media/Session2CommandGroup;->writeToParcel(Landroid/os/Parcel;I)V,public-api,sdk,system-api,test-api
Landroid/media/Session2Link$1;->createFromParcel(Landroid/os/Parcel;)Ljava/lang/Object;,public-api,sdk,system-api,test-api
Landroid/media/Session2Link$1;->newArray(I)[Ljava/lang/Object;,public-api,sdk,system-api,test-api
Landroid/media/Session2Link;->describeContents()I,public-api,sdk,system-api,test-api
Landroid/media/Session2Link;->equals(Ljava/lang/Object;)Z,core-platform-api,public-api,sdk,system-api,test-api
Landroid/media/Session2Link;->hashCode()I,core-platform-api,public-api,sdk,system-api,test-api
Landroid/media/Session2Link;->writeToParcel(Landroid/os/Parcel;I)V,public-api,sdk,system-api,test-api
Landroid/media/Session2Token$1;->createFromParcel(Landroid/os/Parcel;)Ljava/lang/Object;,public-api,sdk,system-api,test-api
Landroid/media/Session2Token$1;->newArray(I)[Ljava/lang/Object;,public-api,sdk,system-api,test-api
Landroid/media/Session2Token;-><init>(Landroid/content/Context;Landroid/content/ComponentName;)V,public-api,sdk,system-api,test-api
Landroid/media/Session2Token;->CREATOR:Landroid/os/Parcelable$Creator;,public-api,sdk,system-api,test-api
Landroid/media/Session2Token;->TYPE_SESSION:I,public-api,sdk,system-api,test-api
Landroid/media/Session2Token;->TYPE_SESSION_SERVICE:I,public-api,sdk,system-api,test-api
Landroid/media/Session2Token;->describeContents()I,public-api,sdk,system-api,test-api
Landroid/media/Session2Token;->equals(Ljava/lang/Object;)Z,core-platform-api,public-api,sdk,system-api,test-api
Landroid/media/Session2Token;->getExtras()Landroid/os/Bundle;,public-api,sdk,system-api,test-api
Landroid/media/Session2Token;->getPackageName()Ljava/lang/String;,public-api,sdk,system-api,test-api
Landroid/media/Session2Token;->getServiceName()Ljava/lang/String;,public-api,sdk,system-api,test-api
Landroid/media/Session2Token;->getType()I,public-api,sdk,system-api,test-api
Landroid/media/Session2Token;->getUid()I,public-api,sdk,system-api,test-api
Landroid/media/Session2Token;->hashCode()I,core-platform-api,public-api,sdk,system-api,test-api
Landroid/media/Session2Token;->toString()Ljava/lang/String;,core-platform-api,public-api,sdk,system-api,test-api
Landroid/media/Session2Token;->writeToParcel(Landroid/os/Parcel;I)V,public-api,sdk,system-api,test-api
Landroid/media/TranscodingRequestParcel$1;->createFromParcel(Landroid/os/Parcel;)Ljava/lang/Object;,public-api,sdk,system-api,test-api
Landroid/media/TranscodingRequestParcel$1;->newArray(I)[Ljava/lang/Object;,public-api,sdk,system-api,test-api
Landroid/media/TranscodingRequestParcel;->describeContents()I,public-api,sdk,system-api,test-api
Landroid/media/TranscodingRequestParcel;->writeToParcel(Landroid/os/Parcel;I)V,public-api,sdk,system-api,test-api
Landroid/media/TranscodingResultParcel$1;->createFromParcel(Landroid/os/Parcel;)Ljava/lang/Object;,public-api,sdk,system-api,test-api
Landroid/media/TranscodingResultParcel$1;->newArray(I)[Ljava/lang/Object;,public-api,sdk,system-api,test-api
Landroid/media/TranscodingResultParcel;->describeContents()I,public-api,sdk,system-api,test-api
Landroid/media/TranscodingResultParcel;->writeToParcel(Landroid/os/Parcel;I)V,public-api,sdk,system-api,test-api
Landroid/media/TranscodingSessionParcel$1;->createFromParcel(Landroid/os/Parcel;)Ljava/lang/Object;,public-api,sdk,system-api,test-api
Landroid/media/TranscodingSessionParcel$1;->newArray(I)[Ljava/lang/Object;,public-api,sdk,system-api,test-api
Landroid/media/TranscodingSessionParcel;->describeContents()I,public-api,sdk,system-api,test-api
Landroid/media/TranscodingSessionParcel;->writeToParcel(Landroid/os/Parcel;I)V,public-api,sdk,system-api,test-api
Landroid/media/TranscodingSessionStats$1;->createFromParcel(Landroid/os/Parcel;)Ljava/lang/Object;,public-api,sdk,system-api,test-api
Landroid/media/TranscodingSessionStats$1;->newArray(I)[Ljava/lang/Object;,public-api,sdk,system-api,test-api
Landroid/media/TranscodingSessionStats;->describeContents()I,public-api,sdk,system-api,test-api
Landroid/media/TranscodingSessionStats;->writeToParcel(Landroid/os/Parcel;I)V,public-api,sdk,system-api,test-api
Landroid/media/TranscodingTestConfig$1;->createFromParcel(Landroid/os/Parcel;)Ljava/lang/Object;,public-api,sdk,system-api,test-api
Landroid/media/TranscodingTestConfig$1;->newArray(I)[Ljava/lang/Object;,public-api,sdk,system-api,test-api
Landroid/media/TranscodingTestConfig;->describeContents()I,public-api,sdk,system-api,test-api
Landroid/media/TranscodingTestConfig;->writeToParcel(Landroid/os/Parcel;I)V,public-api,sdk,system-api,test-api
Landroid/media/TranscodingVideoTrackFormat$1;->createFromParcel(Landroid/os/Parcel;)Ljava/lang/Object;,public-api,sdk,system-api,test-api
Landroid/media/TranscodingVideoTrackFormat$1;->newArray(I)[Ljava/lang/Object;,public-api,sdk,system-api,test-api
Landroid/media/TranscodingVideoTrackFormat;->describeContents()I,public-api,sdk,system-api,test-api
Landroid/media/TranscodingVideoTrackFormat;->writeToParcel(Landroid/os/Parcel;I)V,public-api,sdk,system-api,test-api
Landroid/media/internal/exo/Format$1;->createFromParcel(Landroid/os/Parcel;)Ljava/lang/Object;,public-api,sdk,system-api,test-api
Landroid/media/internal/exo/Format$1;->newArray(I)[Ljava/lang/Object;,public-api,sdk,system-api,test-api
Landroid/media/internal/exo/Format;->describeContents()I,public-api,sdk,system-api,test-api
Landroid/media/internal/exo/Format;->equals(Ljava/lang/Object;)Z,core-platform-api,public-api,sdk,system-api,test-api
Landroid/media/internal/exo/Format;->hashCode()I,core-platform-api,public-api,sdk,system-api,test-api
Landroid/media/internal/exo/Format;->toString()Ljava/lang/String;,core-platform-api,public-api,sdk,system-api,test-api
Landroid/media/internal/exo/Format;->writeToParcel(Landroid/os/Parcel;I)V,public-api,sdk,system-api,test-api
Landroid/media/internal/exo/drm/DrmInitData$1;->createFromParcel(Landroid/os/Parcel;)Ljava/lang/Object;,public-api,sdk,system-api,test-api
Landroid/media/internal/exo/drm/DrmInitData$1;->newArray(I)[Ljava/lang/Object;,public-api,sdk,system-api,test-api
Landroid/media/internal/exo/drm/DrmInitData$SchemeData$1;->createFromParcel(Landroid/os/Parcel;)Ljava/lang/Object;,public-api,sdk,system-api,test-api
Landroid/media/internal/exo/drm/DrmInitData$SchemeData$1;->newArray(I)[Ljava/lang/Object;,public-api,sdk,system-api,test-api
Landroid/media/internal/exo/drm/DrmInitData$SchemeData;->describeContents()I,public-api,sdk,system-api,test-api
Landroid/media/internal/exo/drm/DrmInitData$SchemeData;->equals(Ljava/lang/Object;)Z,core-platform-api,public-api,sdk,system-api,test-api
Landroid/media/internal/exo/drm/DrmInitData$SchemeData;->hashCode()I,core-platform-api,public-api,sdk,system-api,test-api
Landroid/media/internal/exo/drm/DrmInitData$SchemeData;->writeToParcel(Landroid/os/Parcel;I)V,public-api,sdk,system-api,test-api
Landroid/media/internal/exo/drm/DrmInitData;->compare(Ljava/lang/Object;Ljava/lang/Object;)I,core-platform-api,public-api,sdk,system-api,test-api
Landroid/media/internal/exo/drm/DrmInitData;->describeContents()I,public-api,sdk,system-api,test-api
Landroid/media/internal/exo/drm/DrmInitData;->equals(Ljava/lang/Object;)Z,core-platform-api,public-api,sdk,system-api,test-api
Landroid/media/internal/exo/drm/DrmInitData;->hashCode()I,core-platform-api,public-api,sdk,system-api,test-api
Landroid/media/internal/exo/drm/DrmInitData;->writeToParcel(Landroid/os/Parcel;I)V,public-api,sdk,system-api,test-api
Landroid/media/internal/exo/extractor/ChunkIndex;->toString()Ljava/lang/String;,core-platform-api,public-api,sdk,system-api,test-api
Landroid/media/internal/exo/extractor/SeekMap$SeekPoints;->equals(Ljava/lang/Object;)Z,core-platform-api,public-api,sdk,system-api,test-api
Landroid/media/internal/exo/extractor/SeekMap$SeekPoints;->hashCode()I,core-platform-api,public-api,sdk,system-api,test-api
Landroid/media/internal/exo/extractor/SeekMap$SeekPoints;->toString()Ljava/lang/String;,core-platform-api,public-api,sdk,system-api,test-api
Landroid/media/internal/exo/extractor/SeekPoint;->equals(Ljava/lang/Object;)Z,core-platform-api,public-api,sdk,system-api,test-api
Landroid/media/internal/exo/extractor/SeekPoint;->hashCode()I,core-platform-api,public-api,sdk,system-api,test-api
Landroid/media/internal/exo/extractor/SeekPoint;->toString()Ljava/lang/String;,core-platform-api,public-api,sdk,system-api,test-api
Landroid/media/internal/exo/extractor/TrackOutput$CryptoData;->equals(Ljava/lang/Object;)Z,core-platform-api,public-api,sdk,system-api,test-api
Landroid/media/internal/exo/extractor/TrackOutput$CryptoData;->hashCode()I,core-platform-api,public-api,sdk,system-api,test-api
Landroid/media/internal/exo/extractor/mp4/Atom$ContainerAtom;->toString()Ljava/lang/String;,core-platform-api,public-api,sdk,system-api,test-api
Landroid/media/internal/exo/extractor/mp4/Atom;->toString()Ljava/lang/String;,core-platform-api,public-api,sdk,system-api,test-api
Landroid/media/internal/exo/extractor/mp4/MdtaMetadataEntry$1;->createFromParcel(Landroid/os/Parcel;)Ljava/lang/Object;,public-api,sdk,system-api,test-api
Landroid/media/internal/exo/extractor/mp4/MdtaMetadataEntry$1;->newArray(I)[Ljava/lang/Object;,public-api,sdk,system-api,test-api
Landroid/media/internal/exo/extractor/mp4/MdtaMetadataEntry;->describeContents()I,public-api,sdk,system-api,test-api
Landroid/media/internal/exo/extractor/mp4/MdtaMetadataEntry;->equals(Ljava/lang/Object;)Z,core-platform-api,public-api,sdk,system-api,test-api
Landroid/media/internal/exo/extractor/mp4/MdtaMetadataEntry;->hashCode()I,core-platform-api,public-api,sdk,system-api,test-api
Landroid/media/internal/exo/extractor/mp4/MdtaMetadataEntry;->toString()Ljava/lang/String;,core-platform-api,public-api,sdk,system-api,test-api
Landroid/media/internal/exo/extractor/mp4/MdtaMetadataEntry;->writeToParcel(Landroid/os/Parcel;I)V,public-api,sdk,system-api,test-api
Landroid/media/internal/exo/metadata/Metadata$1;->createFromParcel(Landroid/os/Parcel;)Ljava/lang/Object;,public-api,sdk,system-api,test-api
Landroid/media/internal/exo/metadata/Metadata$1;->newArray(I)[Ljava/lang/Object;,public-api,sdk,system-api,test-api
Landroid/media/internal/exo/metadata/Metadata;->describeContents()I,public-api,sdk,system-api,test-api
Landroid/media/internal/exo/metadata/Metadata;->equals(Ljava/lang/Object;)Z,core-platform-api,public-api,sdk,system-api,test-api
Landroid/media/internal/exo/metadata/Metadata;->hashCode()I,core-platform-api,public-api,sdk,system-api,test-api
Landroid/media/internal/exo/metadata/Metadata;->toString()Ljava/lang/String;,core-platform-api,public-api,sdk,system-api,test-api
Landroid/media/internal/exo/metadata/Metadata;->writeToParcel(Landroid/os/Parcel;I)V,public-api,sdk,system-api,test-api
Landroid/media/internal/exo/metadata/emsg/EventMessage$1;->createFromParcel(Landroid/os/Parcel;)Ljava/lang/Object;,public-api,sdk,system-api,test-api
Landroid/media/internal/exo/metadata/emsg/EventMessage$1;->newArray(I)[Ljava/lang/Object;,public-api,sdk,system-api,test-api
Landroid/media/internal/exo/metadata/emsg/EventMessage;->describeContents()I,public-api,sdk,system-api,test-api
Landroid/media/internal/exo/metadata/emsg/EventMessage;->equals(Ljava/lang/Object;)Z,core-platform-api,public-api,sdk,system-api,test-api
Landroid/media/internal/exo/metadata/emsg/EventMessage;->hashCode()I,core-platform-api,public-api,sdk,system-api,test-api
Landroid/media/internal/exo/metadata/emsg/EventMessage;->toString()Ljava/lang/String;,core-platform-api,public-api,sdk,system-api,test-api
Landroid/media/internal/exo/metadata/emsg/EventMessage;->writeToParcel(Landroid/os/Parcel;I)V,public-api,sdk,system-api,test-api
Landroid/media/internal/exo/metadata/flac/PictureFrame$1;->createFromParcel(Landroid/os/Parcel;)Ljava/lang/Object;,public-api,sdk,system-api,test-api
Landroid/media/internal/exo/metadata/flac/PictureFrame$1;->newArray(I)[Ljava/lang/Object;,public-api,sdk,system-api,test-api
Landroid/media/internal/exo/metadata/flac/PictureFrame;->describeContents()I,public-api,sdk,system-api,test-api
Landroid/media/internal/exo/metadata/flac/PictureFrame;->equals(Ljava/lang/Object;)Z,core-platform-api,public-api,sdk,system-api,test-api
Landroid/media/internal/exo/metadata/flac/PictureFrame;->hashCode()I,core-platform-api,public-api,sdk,system-api,test-api
Landroid/media/internal/exo/metadata/flac/PictureFrame;->toString()Ljava/lang/String;,core-platform-api,public-api,sdk,system-api,test-api
Landroid/media/internal/exo/metadata/flac/PictureFrame;->writeToParcel(Landroid/os/Parcel;I)V,public-api,sdk,system-api,test-api
Landroid/media/internal/exo/metadata/flac/VorbisComment$1;->createFromParcel(Landroid/os/Parcel;)Ljava/lang/Object;,public-api,sdk,system-api,test-api
Landroid/media/internal/exo/metadata/flac/VorbisComment$1;->newArray(I)[Ljava/lang/Object;,public-api,sdk,system-api,test-api
Landroid/media/internal/exo/metadata/flac/VorbisComment;->describeContents()I,public-api,sdk,system-api,test-api
Landroid/media/internal/exo/metadata/flac/VorbisComment;->equals(Ljava/lang/Object;)Z,core-platform-api,public-api,sdk,system-api,test-api
Landroid/media/internal/exo/metadata/flac/VorbisComment;->hashCode()I,core-platform-api,public-api,sdk,system-api,test-api
Landroid/media/internal/exo/metadata/flac/VorbisComment;->toString()Ljava/lang/String;,core-platform-api,public-api,sdk,system-api,test-api
Landroid/media/internal/exo/metadata/flac/VorbisComment;->writeToParcel(Landroid/os/Parcel;I)V,public-api,sdk,system-api,test-api
Landroid/media/internal/exo/metadata/id3/ApicFrame$1;->createFromParcel(Landroid/os/Parcel;)Ljava/lang/Object;,public-api,sdk,system-api,test-api
Landroid/media/internal/exo/metadata/id3/ApicFrame$1;->newArray(I)[Ljava/lang/Object;,public-api,sdk,system-api,test-api
Landroid/media/internal/exo/metadata/id3/ApicFrame;->equals(Ljava/lang/Object;)Z,core-platform-api,public-api,sdk,system-api,test-api
Landroid/media/internal/exo/metadata/id3/ApicFrame;->hashCode()I,core-platform-api,public-api,sdk,system-api,test-api
Landroid/media/internal/exo/metadata/id3/ApicFrame;->toString()Ljava/lang/String;,core-platform-api,public-api,sdk,system-api,test-api
Landroid/media/internal/exo/metadata/id3/ApicFrame;->writeToParcel(Landroid/os/Parcel;I)V,public-api,sdk,system-api,test-api
Landroid/media/internal/exo/metadata/id3/BinaryFrame$1;->createFromParcel(Landroid/os/Parcel;)Ljava/lang/Object;,public-api,sdk,system-api,test-api
Landroid/media/internal/exo/metadata/id3/BinaryFrame$1;->newArray(I)[Ljava/lang/Object;,public-api,sdk,system-api,test-api
Landroid/media/internal/exo/metadata/id3/BinaryFrame;->equals(Ljava/lang/Object;)Z,core-platform-api,public-api,sdk,system-api,test-api
Landroid/media/internal/exo/metadata/id3/BinaryFrame;->hashCode()I,core-platform-api,public-api,sdk,system-api,test-api
Landroid/media/internal/exo/metadata/id3/BinaryFrame;->writeToParcel(Landroid/os/Parcel;I)V,public-api,sdk,system-api,test-api
Landroid/media/internal/exo/metadata/id3/ChapterFrame$1;->createFromParcel(Landroid/os/Parcel;)Ljava/lang/Object;,public-api,sdk,system-api,test-api
Landroid/media/internal/exo/metadata/id3/ChapterFrame$1;->newArray(I)[Ljava/lang/Object;,public-api,sdk,system-api,test-api
Landroid/media/internal/exo/metadata/id3/ChapterFrame;->describeContents()I,public-api,sdk,system-api,test-api
Landroid/media/internal/exo/metadata/id3/ChapterFrame;->equals(Ljava/lang/Object;)Z,core-platform-api,public-api,sdk,system-api,test-api
Landroid/media/internal/exo/metadata/id3/ChapterFrame;->hashCode()I,core-platform-api,public-api,sdk,system-api,test-api
Landroid/media/internal/exo/metadata/id3/ChapterFrame;->writeToParcel(Landroid/os/Parcel;I)V,public-api,sdk,system-api,test-api
Landroid/media/internal/exo/metadata/id3/ChapterTocFrame$1;->createFromParcel(Landroid/os/Parcel;)Ljava/lang/Object;,public-api,sdk,system-api,test-api
Landroid/media/internal/exo/metadata/id3/ChapterTocFrame$1;->newArray(I)[Ljava/lang/Object;,public-api,sdk,system-api,test-api
Landroid/media/internal/exo/metadata/id3/ChapterTocFrame;->equals(Ljava/lang/Object;)Z,core-platform-api,public-api,sdk,system-api,test-api
Landroid/media/internal/exo/metadata/id3/ChapterTocFrame;->hashCode()I,core-platform-api,public-api,sdk,system-api,test-api
Landroid/media/internal/exo/metadata/id3/ChapterTocFrame;->writeToParcel(Landroid/os/Parcel;I)V,public-api,sdk,system-api,test-api
Landroid/media/internal/exo/metadata/id3/CommentFrame$1;->createFromParcel(Landroid/os/Parcel;)Ljava/lang/Object;,public-api,sdk,system-api,test-api
Landroid/media/internal/exo/metadata/id3/CommentFrame$1;->newArray(I)[Ljava/lang/Object;,public-api,sdk,system-api,test-api
Landroid/media/internal/exo/metadata/id3/CommentFrame;->equals(Ljava/lang/Object;)Z,core-platform-api,public-api,sdk,system-api,test-api
Landroid/media/internal/exo/metadata/id3/CommentFrame;->hashCode()I,core-platform-api,public-api,sdk,system-api,test-api
Landroid/media/internal/exo/metadata/id3/CommentFrame;->toString()Ljava/lang/String;,core-platform-api,public-api,sdk,system-api,test-api
Landroid/media/internal/exo/metadata/id3/CommentFrame;->writeToParcel(Landroid/os/Parcel;I)V,public-api,sdk,system-api,test-api
Landroid/media/internal/exo/metadata/id3/GeobFrame$1;->createFromParcel(Landroid/os/Parcel;)Ljava/lang/Object;,public-api,sdk,system-api,test-api
Landroid/media/internal/exo/metadata/id3/GeobFrame$1;->newArray(I)[Ljava/lang/Object;,public-api,sdk,system-api,test-api
Landroid/media/internal/exo/metadata/id3/GeobFrame;->equals(Ljava/lang/Object;)Z,core-platform-api,public-api,sdk,system-api,test-api
Landroid/media/internal/exo/metadata/id3/GeobFrame;->hashCode()I,core-platform-api,public-api,sdk,system-api,test-api
Landroid/media/internal/exo/metadata/id3/GeobFrame;->toString()Ljava/lang/String;,core-platform-api,public-api,sdk,system-api,test-api
Landroid/media/internal/exo/metadata/id3/GeobFrame;->writeToParcel(Landroid/os/Parcel;I)V,public-api,sdk,system-api,test-api
Landroid/media/internal/exo/metadata/id3/Id3Frame;->describeContents()I,public-api,sdk,system-api,test-api
Landroid/media/internal/exo/metadata/id3/Id3Frame;->toString()Ljava/lang/String;,core-platform-api,public-api,sdk,system-api,test-api
Landroid/media/internal/exo/metadata/id3/InternalFrame$1;->createFromParcel(Landroid/os/Parcel;)Ljava/lang/Object;,public-api,sdk,system-api,test-api
Landroid/media/internal/exo/metadata/id3/InternalFrame$1;->newArray(I)[Ljava/lang/Object;,public-api,sdk,system-api,test-api
Landroid/media/internal/exo/metadata/id3/InternalFrame;->equals(Ljava/lang/Object;)Z,core-platform-api,public-api,sdk,system-api,test-api
Landroid/media/internal/exo/metadata/id3/InternalFrame;->hashCode()I,core-platform-api,public-api,sdk,system-api,test-api
Landroid/media/internal/exo/metadata/id3/InternalFrame;->toString()Ljava/lang/String;,core-platform-api,public-api,sdk,system-api,test-api
Landroid/media/internal/exo/metadata/id3/InternalFrame;->writeToParcel(Landroid/os/Parcel;I)V,public-api,sdk,system-api,test-api
Landroid/media/internal/exo/metadata/id3/MlltFrame$1;->createFromParcel(Landroid/os/Parcel;)Ljava/lang/Object;,public-api,sdk,system-api,test-api
Landroid/media/internal/exo/metadata/id3/MlltFrame$1;->newArray(I)[Ljava/lang/Object;,public-api,sdk,system-api,test-api
Landroid/media/internal/exo/metadata/id3/MlltFrame;->describeContents()I,public-api,sdk,system-api,test-api
Landroid/media/internal/exo/metadata/id3/MlltFrame;->equals(Ljava/lang/Object;)Z,core-platform-api,public-api,sdk,system-api,test-api
Landroid/media/internal/exo/metadata/id3/MlltFrame;->hashCode()I,core-platform-api,public-api,sdk,system-api,test-api
Landroid/media/internal/exo/metadata/id3/MlltFrame;->writeToParcel(Landroid/os/Parcel;I)V,public-api,sdk,system-api,test-api
Landroid/media/internal/exo/metadata/id3/PrivFrame$1;->createFromParcel(Landroid/os/Parcel;)Ljava/lang/Object;,public-api,sdk,system-api,test-api
Landroid/media/internal/exo/metadata/id3/PrivFrame$1;->newArray(I)[Ljava/lang/Object;,public-api,sdk,system-api,test-api
Landroid/media/internal/exo/metadata/id3/PrivFrame;->equals(Ljava/lang/Object;)Z,core-platform-api,public-api,sdk,system-api,test-api
Landroid/media/internal/exo/metadata/id3/PrivFrame;->hashCode()I,core-platform-api,public-api,sdk,system-api,test-api
Landroid/media/internal/exo/metadata/id3/PrivFrame;->toString()Ljava/lang/String;,core-platform-api,public-api,sdk,system-api,test-api
Landroid/media/internal/exo/metadata/id3/PrivFrame;->writeToParcel(Landroid/os/Parcel;I)V,public-api,sdk,system-api,test-api
Landroid/media/internal/exo/metadata/id3/TextInformationFrame$1;->createFromParcel(Landroid/os/Parcel;)Ljava/lang/Object;,public-api,sdk,system-api,test-api
Landroid/media/internal/exo/metadata/id3/TextInformationFrame$1;->newArray(I)[Ljava/lang/Object;,public-api,sdk,system-api,test-api
Landroid/media/internal/exo/metadata/id3/TextInformationFrame;->equals(Ljava/lang/Object;)Z,core-platform-api,public-api,sdk,system-api,test-api
Landroid/media/internal/exo/metadata/id3/TextInformationFrame;->hashCode()I,core-platform-api,public-api,sdk,system-api,test-api
Landroid/media/internal/exo/metadata/id3/TextInformationFrame;->toString()Ljava/lang/String;,core-platform-api,public-api,sdk,system-api,test-api
Landroid/media/internal/exo/metadata/id3/TextInformationFrame;->writeToParcel(Landroid/os/Parcel;I)V,public-api,sdk,system-api,test-api
Landroid/media/internal/exo/metadata/id3/UrlLinkFrame$1;->createFromParcel(Landroid/os/Parcel;)Ljava/lang/Object;,public-api,sdk,system-api,test-api
Landroid/media/internal/exo/metadata/id3/UrlLinkFrame$1;->newArray(I)[Ljava/lang/Object;,public-api,sdk,system-api,test-api
Landroid/media/internal/exo/metadata/id3/UrlLinkFrame;->equals(Ljava/lang/Object;)Z,core-platform-api,public-api,sdk,system-api,test-api
Landroid/media/internal/exo/metadata/id3/UrlLinkFrame;->hashCode()I,core-platform-api,public-api,sdk,system-api,test-api
Landroid/media/internal/exo/metadata/id3/UrlLinkFrame;->toString()Ljava/lang/String;,core-platform-api,public-api,sdk,system-api,test-api
Landroid/media/internal/exo/metadata/id3/UrlLinkFrame;->writeToParcel(Landroid/os/Parcel;I)V,public-api,sdk,system-api,test-api
Landroid/media/internal/exo/offline/StreamKey$1;->createFromParcel(Landroid/os/Parcel;)Ljava/lang/Object;,public-api,sdk,system-api,test-api
Landroid/media/internal/exo/offline/StreamKey$1;->newArray(I)[Ljava/lang/Object;,public-api,sdk,system-api,test-api
Landroid/media/internal/exo/offline/StreamKey;->compareTo(Ljava/lang/Object;)I,core-platform-api,public-api,sdk,system-api,test-api
Landroid/media/internal/exo/offline/StreamKey;->describeContents()I,public-api,sdk,system-api,test-api
Landroid/media/internal/exo/offline/StreamKey;->equals(Ljava/lang/Object;)Z,core-platform-api,public-api,sdk,system-api,test-api
Landroid/media/internal/exo/offline/StreamKey;->hashCode()I,core-platform-api,public-api,sdk,system-api,test-api
Landroid/media/internal/exo/offline/StreamKey;->toString()Ljava/lang/String;,core-platform-api,public-api,sdk,system-api,test-api
Landroid/media/internal/exo/offline/StreamKey;->writeToParcel(Landroid/os/Parcel;I)V,public-api,sdk,system-api,test-api
Landroid/media/internal/exo/video/ColorInfo$1;->createFromParcel(Landroid/os/Parcel;)Ljava/lang/Object;,public-api,sdk,system-api,test-api
Landroid/media/internal/exo/video/ColorInfo$1;->newArray(I)[Ljava/lang/Object;,public-api,sdk,system-api,test-api
Landroid/media/internal/exo/video/ColorInfo;->describeContents()I,public-api,sdk,system-api,test-api
Landroid/media/internal/exo/video/ColorInfo;->equals(Ljava/lang/Object;)Z,core-platform-api,public-api,sdk,system-api,test-api
Landroid/media/internal/exo/video/ColorInfo;->hashCode()I,core-platform-api,public-api,sdk,system-api,test-api
Landroid/media/internal/exo/video/ColorInfo;->toString()Ljava/lang/String;,core-platform-api,public-api,sdk,system-api,test-api
Landroid/media/internal/exo/video/ColorInfo;->writeToParcel(Landroid/os/Parcel;I)V,public-api,sdk,system-api,test-api
